Coder,ID,Timestamp,Who?,What?,Re Who?,To Whom?,,,,,,,,,,,,
SM,C107 F412 SM1,00:00:00.0,CHW,SS,CHW,B,,,,,,,,,,,,
SM,C107 F412 SM1,00:00:00.0,CHW,QOQ,Y,Y,,,,,,,,,,,,
SM,C107 F412 SM1,00:00:13.0,PT,LUP+,Y,CHW,,,,,,,,,,,,
SM,C107 F412 SM1,00:00:14.0,CHW,RCHT+S,Y,Y,,,,,,,,,,,,
SM,C107 F412 SM1,00:00:15.0,PT,CML+,Y,CHW,,,,,,,,,,,,
SM,C107 F412 SM1,00:00:28.0,CHW,CQECML+,Y,Y,,,,,,,,,,,,
SM,C107 F412 SM1,00:00:32.0,PT,CML+,Y,CHW,,,,,,,,,,,,
SM,C107 F412 SM1,00:00:47.0,CHW,CQECML+,Y,Y,,,,,,,,,,,,
SM,C107 F412 SM1,00:00:49.0,PT,CML+,Y,CHW,,,,,,,,,,,,
SM,C107 F412 SM1,00:01:06.0,CHW,RCML+S,Y,Y,,,,,,,,,,,,
SM,C107 F412 SM1,00:01:13.0,PT,CML+,Y,CHW,,,,,,,,,,,,
SM,C107 F412 SM1,00:01:13.0,CHW,OQECML+,Y,Y,,,,,,,,,,,,
SM,C107 F412 SM1,00:01:16.0,PT,CML+,Y,CHW,,,,,,,,,,,,
SM,C107 F412 SM1,00:01:17.0,CHW,CQECML+,Y,Y,,,,,,,,,,,,
SM,C107 F412 SM1,00:01:21.0,PT,CML+,Y,CHW,,,,,,,,,,,,
SM,C107 F412 SM1,00:01:22.0,CHW,RCML+S,Y,Y,,,,,,,,,,,,
SM,C107 F412 SM1,00:01:24.0,PT,CML+,Y,CHW,,,,,,,,,,,,
SM,C107 F412 SM1,00:01:26.0,CHW,AF,Y,Y,,,,,,,,,,,,
SM,C107 F412 SM1,00:01:28.0,PT,CHT-,Y,CHW,,,,,,,,,,,,
SM,C107 F412 SM1,00:01:31.0,CHW,GINFO+,O,Y,,,,,,,,,,,,
SM,C107 F412 SM1,00:01:41.0,PT,CHT-,Y,CHW,,,,,,,,,,,,
SM,C107 F412 SM1,00:01:42.0,CHW,AFL,CHW,Y,,,,,,,,,,,,
SM,C107 F412 SM1,00:01:42.1,CHW,CQO,Y,Y,,,,,,,,,,,,
SM,C107 F412 SM1,00:01:43.0,PT,CHT-,Y,CHW,,,,,,,,,,,,
SM,C107 F412 SM1,00:01:49.0,PT,HUPO,Y,CHW,,,,,,,,,,,,
SM,C107 F412 SM1,00:01:53.0,CHW,ROS,Y,Y,,,,,,,,,,,,
SM,C107 F412 SM1,00:01:53.1,CHW,SS,WE,Y,,,,,,,,,,,,
SM,C107 F412 SM1,00:01:53.2,CHW,CQO,OUR,Y,,,,,,,,,,,,
SM,C107 F412 SM1,00:02:27.0,PT,HUPW,Y,CHW,,,,,,,,,,,,
SM,C107 F412 SM1,00:02:31.0,CHW,GINFO+,Y,Y,,,,,,,,,,,,
SM,C107 F412 SM1,00:03:28.0,PT,CHT+,Y,CHW,,,,,,,,,,,,
SM,C107 F412 SM1,00:03:30.0,CHW,AFL,Y,Y,,,,,,,,,,,,
SM,C107 F412 SM1,00:03:30.0,CHW,GINFO+,Y,Y,,,,,,,,,,,,
SM,C107 F412 SM1,00:03:30.0,CHW,CQTBN,Y,Y,,,,,,,,,,,,
SM,C107 F412 SM1,00:03:47.0,PT,HUPW,O,CHW,,,,,,,,,,,,
SM,C107 F412 SM1,00:03:48.0,CHW,GINFO+,Y,Y,,,,,,,,,,,,
SM,C107 F412 SM1,00:04:04.0,PT,HUPW,Y,CHW,,,,,,,,,,,,
SM,C107 F412 SM1,00:04:06.0,CHW,GINFO+,Y,Y,,,,,,,,,,,,
SM,C107 F412 SM1,00:04:09.0,PT,LUP+,Y,CHW,,,,,,,,,,,,
SM,C107 F412 SM1,00:04:10.0,CHW,CQTBN,Y,Y,,,,,,,,,,,,
SM,C107 F412 SM1,00:04:13.0,PT,HUPW,Y,CHW,,,,,,,,,,,,
SM,C107 F412 SM1,00:04:15.0,CG,HUPW,CG,B,,,,,,,,,,,,
SM,C107 F412 SM1,00:04:15.0,CHW,HUPW,CG,B,,,,,,,,,,,,
SM,C107 F412 SM1,00:04:17.0,PT,HUPW,Y,CHW,,,,,,,,,,,,
SM,C107 F412 SM1,00:04:18.0,CHW,SO,CHW,Y,,,,,,,,,,,,
SM,C107 F412 SM1,00:04:20.0,CG,HUPW,CG,CHW,,,,,,,,,,,,
SM,C107 F412 SM1,00:04:22.0,CHW,SS,CHW,CG,,,,,,,,,,,,
SM,C107 F412 SM1,00:04:25.0,CG,HUPW,CG,CHW,,,,,,,,,,,,
SM,C107 F412 SM1,00:04:32.0,CHW,ROS,CG,CG,,,,,,,,,,,,
SM,C107 F412 SM1,00:04:32.0,CG,HUPO,O,CHW,,,,,,,,,,,,
SM,C107 F412 SM1,00:04:34.0,CHW,SO,CHW,CG,,,,,,,,,,,,
SM,C107 F412 SM1,00:04:36.0,CG,HUPO,CG,CHW,,,,,,,,,,,,
SM,C107 F412 SM1,00:04:42.0,CHW,SS,CHW,CG,,,,,,,,,,,,
SM,C107 F412 SM1,00:04:53.0,CG,LUP+,CG,CHW,,,,,,,,,,,,
SM,C107 F412 SM1,00:04:55.0,CHW,CQO,OUR,B,,,,,,,,,,,,
SM,C107 F412 SM1,00:04:57.0,CG,HUPW,CG,CHW,,,,,,,,,,,,
SM,C107 F412 SM1,00:04:58.0,CHW,ADV+,Y,Y,,,,,,,,,,,,
SM,C107 F412 SM1,00:05:05.0,CG,CHT+,OUR,B,,,,,,,,,,,,
SM,C107 F412 SM1,00:05:08.0,PT,HUPW,OUR,CG,,,,,,,,,,,,
SM,C107 F412 SM1,00:05:10.0,CG,LUP+,CG,Y,,,,,,,,,,,,
SM,C107 F412 SM1,00:05:11.0,CHW,ADV+,OUR,B,,,,,,,,,,,,
SM,C107 F412 SM1,00:05:18.0,CG,HUPW,CG,CHW,,,,,,,,,,,,
SM,C107 F412 SM1,00:05:20.0,CG,HUPW,CG,CHW,,,,,,,,,,,,
SM,C107 F412 SM1,00:05:22.0,PT,HUPW,O,CG,,,,,,,,,,,,
SM,C107 F412 SM1,00:05:23.0,CG,LUP+,CG,Y,,,,,,,,,,,,
SM,C107 F412 SM1,00:05:25.0,CHW,SO,CHW,B,,,,,,,,,,,,
SM,C107 F412 SM1,00:05:26.0,CG,HUPW,OUR,CHW,,,,,,,,,,,,
SM,C107 F412 SM1,00:05:52.0,CHW,GINFO+,O,CG,,,,,,,,,,,,
SM,C107 F412 SM1,00:05:55.0,CG,HUPW,FAM,CHW,,,,,,,,,,,,
SM,C107 F412 SM1,00:06:01.0,CHW,CQECHT+,Y,Y,,,,,,,,,,,,
SM,C107 F412 SM1,00:06:05.0,PT,CHT+,Y,CHW,,,,,,,,,,,,
SM,C107 F412 SM1,00:06:07.0,CHW,GINFO+,Y,B,,,,,,,,,,,,
SM,C107 F412 SM1,00:07:16.0,CG,HUPW,CG,CHW,,,,,,,,,,,,
SM,C107 F412 SM1,00:07:18.0,CHW,GINFO+,Y,Y,,,,,,,,,,,,
SM,C107 F412 SM1,00:07:23.0,PT,LUP+,Y,CHW,,,,,,,,,,,,
SM,C107 F412 SM1,00:07:25.0,CHW,GINFO+,OUR,B,,,,,,,,,,,,
SM,C107 F412 SM1,00:07:27.0,CG,HUPW,Y,CHW,,,,,,,,,,,,
SM,C107 F412 SM1,00:07:28.0,CHW,GINFO+,Y,CG,,,,,,,,,,,,
SM,C107 F412 SM1,00:07:29.0,PT,LUP+,Y,CHW,,,,,,,,,,,,
SM,C107 F412 SM1,00:07:30.0,CG,HUPW,CG,Y,,,,,,,,,,,,
SM,C107 F412 SM1,00:07:31.0,CHW,GINFO+,O,B,,,,,,,,,,,,
SM,C107 F412 SM1,00:07:47.0,PT,HUPW,Y,CHW,,,,,,,,,,,,
SM,C107 F412 SM1,00:07:50.0,CHW,GINFO-,Y,Y,,,,,,,,,,,,
SM,C107 F412 SM1,00:07:59.0,CG,HUPW,Y,Y,,,,,,,,,,,,
SM,C107 F412 SM1,00:08:11.0,CHW,GINFO-,Y,CG,,,,,,,,,,,,
SM,C107 F412 SM1,00:08:25.0,PT,HUPW,Y,CHW,,,,,,,,,,,,
SM,C107 F412 SM1,00:08:27.0,CHW,GINFO+,O,Y,,,,,,,,,,,,
SM,C107 F412 SM1,00:08:31.0,CG,HUPW,O,CHW,,,,,,,,,,,,
SM,C107 F412 SM1,00:08:32.0,CHW,EA,Y,Y,,,,,,,,,,,,
SM,C107 F412 SM1,00:08:41.0,CG,HUPW,CG,CHW,,,,,,,,,,,,
SM,C107 F412 SM1,00:08:42.0,PT,HUPW,Y,CHW,,,,,,,,,,,,
SM,C107 F412 SM1,00:08:43.0,CHW,GINFO+,CHW,Y,,,,,,,,,,,,
SM,C107 F412 SM1,00:08:44.0,CG,HUPW,OUR,Y,,,,,,,,,,,,
SM,C107 F412 SM1,00:08:51.0,PT,HUPW,Y,CG,,,,,,,,,,,,
SM,C107 F412 SM1,00:08:54.0,CG,HUPW,CG,CHW,,,,,,,,,,,,
SM,C107 F412 SM1,00:08:59.0,CHW,CQTBN,CG,CG,,,,,,,,,,,,
SM,C107 F412 SM1,00:09:03.0,PT,HUPW,FAM,CG,,,,,,,,,,,,
SM,C107 F412 SM1,00:09:05.0,CHW,SO ,CHW,B,,,,,,,,,,,,
SM,C107 F412 SM1,00:09:06.0,CG,HUPW,FAM,CHW,,,,,,,,,,,,
SM,C107 F412 SM1,00:09:09.0,PT,HUPW,FAM,CG,,,,,,,,,,,,
SM,C107 F412 SM1,00:09:10.0,CHW,SO,CHW,B,,,,,,,,,,,,
SM,C107 F412 SM1,00:09:11.0,CG,HUPW,O,CHW,,,,,,,,,,,,
SM,C107 F412 SM1,00:09:12.0,CHW,SO,CHW,CG,,,,,,,,,,,,
SM,C107 F412 SM1,00:09:13.0,PT,HUPW,Y,CHW,,,,,,,,,,,,
SM,C107 F412 SM1,00:09:15.0,CG,HUPW,CG,CHW,,,,,,,,,,,,
SM,C107 F412 SM1,00:09:25.0,CHW,ADV-,CG,CG,,,,,,,,,,,,
SM,C107 F412 SM1,00:09:35.0,CG,HUPW,CG,CHW,,,,,,,,,,,,
SM,C107 F412 SM1,00:09:42.0,CHW,GINFO-,WE,CG,,,,,,,,,,,,
SM,C107 F412 SM1,00:09:48.0,CG,HUPW,O,CHW,,,,,,,,,,,,
SM,C107 F412 SM1,00:09:52.0,CHW,GINFO-,CHW,CG,,,,,,,,,,,,
SM,C107 F412 SM1,00:09:54.0,CG,HUPW,CG,CHW,,,,,,,,,,,,
SM,C107 F412 SM1,00:09:56.0,CHW,GINFO-,CHW,CG,,,,,,,,,,,,
SM,C107 F412 SM1,00:09:59.0,CG,HUPW,CG,CG,,,,,,,,,,,,
SM,C107 F412 SM1,00:10:04.0,CHW,SS,OUR,Y,,,,,,,,,,,,
SM,C107 F412 SM1,00:10:07.0,O,HUPI,O,NO,,,,,,,,,,,,
SM,C107 F412 SM1,00:10:08.0,PT,HUPW,CHW,CHW,,,,,,,,,,,,
SM,C107 F412 SM1,00:10:12.0,CG,HUPW,O,Y,,,,,,,,,,,,
SM,C107 F412 SM1,00:10:14.0,PT,HUPW,O,CG,,,,,,,,,,,,
SM,C107 F412 SM1,00:10:16.0,CG,HUPW,O,Y,,,,,,,,,,,,
SM,C107 F412 SM1,00:10:17.0,PT,HUPW,O,CG,,,,,,,,,,,,
SM,C107 F412 SM1,00:10:18.0,CG,LUP+,CG,Y,,,,,,,,,,,,
SM,C107 F412 SM1,00:10:19.0,PT,HUPW,O,CG,,,,,,,,,,,,
SM,C107 F412 SM1,00:10:23.0,CG,HUPW,Y,Y,,,,,,,,,,,,
SM,C107 F412 SM1,00:10:26.0,PT,HUPW,Y,CG,,,,,,,,,,,,
SM,C107 F412 SM1,00:10:27.0,CG,HUPW,FAM,Y,,,,,,,,,,,,
SM,C107 F412 SM1,00:10:30.0,PT,HUPW,FAM,CG,,,,,,,,,,,,
SM,C107 F412 SM1,00:10:32.0,CG,HUPW,FAM,Y,,,,,,,,,,,,
SM,C107 F412 SM1,00:10:34.0,PT,HUPW,Y,CG,,,,,,,,,,,,
SM,C107 F412 SM1,00:10:35.0,CG,HUPW,FAM,Y,,,,,,,,,,,,
SM,C107 F412 SM1,00:10:37.0,PT,HUPW,Y,CG,,,,,,,,,,,,
SM,C107 F412 SM1,00:10:37.0,CG,HUPW,CG,Y,,,,,,,,,,,,
SM,C107 F412 SM1,00:10:40.0,CHW,GINFO-,CHW,B,,,,,,,,,,,,
SM,C107 F412 SM1,00:10:43.0,CHW,GINFO-,CHW,CG,,,,,,,,,,,,
SM,C107 F412 SM1,00:10:44.0,CG,HUPW,Y,Y,,,,,,,,,,,,
SM,C107 F412 SM1,00:10:49.0,CHW,ADV-,Y,Y,,,,,,,,,,,,
SM,C107 F412 SM1,00:10:54.0,CG,HUPW,Y,Y,,,,,,,,,,,,
SM,C107 F412 SM1,00:11:00.0,CHW,GINFO+,Y,Y,,,,,,,,,,,,
SM,C107 F412 SM1,00:11:12.0,CG,SUP,Y,Y,,,,,,,,,,,,
SM,C107 F412 SM1,00:11:16.0,CG,HUPW,FAM,Y,,,,,,,,,,,,
SM,C107 F412 SM1,00:11:21.0,PT,HUPW,Y,CG,,,,,,,,,,,,
SM,C107 F412 SM1,00:11:26.0,PT,HUPW,FAM,CG,,,,,,,,,,,,
SM,C107 F412 SM1,00:11:27.0,CG,HUPW,FAM,Y,,,,,,,,,,,,
SM,C107 F412 SM1,00:11:30.0,PT,HUPW,FAM,CG,,,,,,,,,,,,
SM,C107 F412 SM1,00:11:33.0,CG,HUPW,FAM,Y,,,,,,,,,,,,
SM,C107 F412 SM1,00:11:34.0,CHW,SO,CHW,CG,,,,,,,,,,,,
SM,C107 F412 SM1,00:11:36.0,CG,HUPW,FAM,CHW,,,,,,,,,,,,
SM,C107 F412 SM1,00:11:41.0,CHW,SO,CHW,CG,,,,,,,,,,,,
SM,C107 F412 SM1,00:11:42.0,PT,HUPW,Y,CHW,,,,,,,,,,,,
SM,C107 F412 SM1,00:11:43.0,CG,LUP+,CG,CHW,,,,,,,,,,,,
SM,C107 F412 SM1,00:11:44.0,CHW,GINFO+,WE,B,,,,,,,,,,,,
SM,C107 F412 SM1,00:12:02.0,CG,HUPW,CG,Y,,,,,,,,,,,,
SM,C107 F412 SM1,00:12:06.0,O,HUPI,O,NO,,,,,,,,,,,,
SM,C107 F412 SM1,00:12:07.0,CG,CHT-,Y,Y,,,,,,,,,,,,
SM,C107 F412 SM1,00:12:11.0,CHW,GINFO+,CG,CG,,,,,,,,,,,,
SM,C107 F412 SM1,00:12:13.0,CG,HUPW,FAM,CHW,,,,,,,,,,,,
SM,C107 F412 SM1,00:12:15.0,PT,HUPW,Y,CG,,,,,,,,,,,,
SM,C107 F412 SM1,00:12:16.0,CG,CHT-,Y,Y,,,,,,,,,,,,
SM,C107 F412 SM1,00:12:18.0,PT,CHT-,Y,CG,,,,,,,,,,,,
SM,C107 F412 SM1,00:12:19.0,CG,CHT+,CG,Y,,,,,,,,,,,,
SM,C107 F412 SM1,00:12:27.0,PT,HUPW,Y,CG,,,,,,,,,,,,
SM,C107 F412 SM1,00:12:30.0,CG,HUPW,CG,Y,,,,,,,,,,,,
SM,C107 F412 SM1,00:12:33.0,PT,HUPW,Y,CG,,,,,,,,,,,,
SM,C107 F412 SM1,00:12:36.0,CHW,GINFO-,CHW,B,,,,,,,,,,,,
SM,C107 F412 SM1,00:12:38.0,PT,HUPW,Y,CG,,,,,,,,,,,,
SM,C107 F412 SM1,00:12:39.0,CG,HUPW,CG,Y,,,,,,,,,,,,
SM,C107 F412 SM1,00:12:41.0,PT,CHT-,Y,CG,,,,,,,,,,,,
SM,C107 F412 SM1,00:12:42.0,CG,HUPO,O,Y,,,,,,,,,,,,
SM,C107 F412 SM1,00:12:47.0,CHW,SO,CHW,B,,,,,,,,,,,,
SM,C107 F412 SM1,00:12:49.0,PT,HUPW,CG,CG,,,,,,,,,,,,
SM,C107 F412 SM1,00:12:53.0,CG,HUPW,Y,Y,,,,,,,,,,,,
SM,C107 F412 SM1,00:12:54.0,PT,HUPW,Y,CG,,,,,,,,,,,,
SM,C107 F412 SM1,00:12:56.0,CG,HUPW,CG,Y,,,,,,,,,,,,
SM,C107 F412 SM1,00:13:12.0,CHW,ROS,CHW,CG,,,,,,,,,,,,
SM,C107 F412 SM1,00:13:13.0,CG,HUPW,CHW,Y,,,,,,,,,,,,
SM,C107 F412 SM1,00:13:22.0,CHW,SS,WE,B,,,,,,,,,,,,
SM,C107 F412 SM1,00:13:22.1,CHW,GINFO-,Y,Y,,,,,,,,,,,,
SM,C107 F412 SM1,00:13:34.0,PT,LUP+,Y,CHW,,,,,,,,,,,,
SM,C107 F412 SM1,00:13:35.0,CHW,OQECHT+,Y,Y,,,,,,,,,,,,
SM,C107 F412 SM1,00:13:46.0,PT,CHT+,O,CHW,,,,,,,,,,,,
SM,C107 F412 SM1,00:13:59.0,CHW,RCHT+S,Y,Y,,,,,,,,,,,,
SM,C107 F412 SM1,00:14:01.0,PT,LUP+,Y,CHW,,,,,,,,,,,,
SM,C107 F412 SM1,00:14:02.0,CG,HUPW,Y,Y,,,,,,,,,,,,
SM,C107 F412 SM1,00:14:03.0,CHW,GINFO+,Y,Y,,,,,,,,,,,,
SM,C107 F412 SM1,00:14:07.0,PT,CHT+,O,CHW,,,,,,,,,,,,
SM,C107 F412 SM1,00:14:10.0,CHW,AFL,Y,Y,,,,,,,,,,,,
SM,C107 F412 SM1,00:14:10.1,CHW,GINFO+,Y,Y,,,,,,,,,,,,
SM,C107 F412 SM1,00:14:20.0,PT,CHT+,O,CHW,,,,,,,,,,,,
SM,C107 F412 SM1,00:14:21.0,CHW,RCHT+S,Y,Y,,,,,,,,,,,,
SM,C107 F412 SM1,00:14:21.1,CHW,GINFO+,Y,Y,,,,,,,,,,,,
SM,C107 F412 SM1,00:15:24.0,PT,LUP+,Y,CHW,,,,,,,,,,,,
SM,C107 F412 SM1,00:15:26.0,CHW,CQTBN,Y,Y,,,,,,,,,,,,
SM,C107 F412 SM1,00:15:38.0,PT,LUP+,Y,CHW,,,,,,,,,,,,
SM,C107 F412 SM1,00:15:41.0,CHW,GINFO+,Y,Y,,,,,,,,,,,,
SM,C107 F412 SM1,00:15:41.1,CHW,OQECHT+,Y,Y,,,,,,,,,,,,
SM,C107 F412 SM1,00:16:18.0,PT,CHT+,Y,CHW,,,,,,,,,,,,
SM,C107 F412 SM1,00:16:28.0,CHW,CQECHT+,Y,Y,,,,,,,,,,,,
SM,C107 F412 SM1,00:16:32.0,PT,CHT+,Y,CHW,,,,,,,,,,,,
SM,C107 F412 SM1,00:16:35.0,CHW,AFL,CHW,Y,,,,,,,,,,,,
SM,C107 F412 SM1,00:16:37.0,CG,HUPW,O,CHW,,,,,,,,,,,,
SM,C107 F412 SM1,00:16:42.0,PT,LUP+,Y,CG,,,,,,,,,,,,
SM,C107 F412 SM1,00:16:43.0,CHW,AFL,CG,CG,,,,,,,,,,,,
SM,C107 F412 SM1,00:16:43.1,CHW,GINFO+,Y,Y,,,,,,,,,,,,
SM,C107 F412 SM1,00:16:43.2,CHW,OQECHT+,Y,Y,,,,,,,,,,,,
SM,C107 F412 SM1,00:16:43.3,CHW,CQTBN,Y,Y,,,,,,,,,,,,
SM,C107 F412 SM1,00:17:13.0,PT,HUPW,CHW,CHW,,,,,,,,,,,,
SM,C107 F412 SM1,00:17:14.0,CHW,CQECHT+,Y,Y,,,,,,,,,,,,
SM,C107 F412 SM1,00:17:22.0,PT,LUP+,Y,CHW,,,,,,,,,,,,
SM,C107 F412 SM1,00:17:23.0,CHW,CQTBN,Y,Y,,,,,,,,,,,,
SM,C107 F412 SM1,00:17:23.1,CHW,GINFO+,Y,Y,,,,,,,,,,,,
SM,C107 F412 SM1,00:17:23.2,CHW,CQTBN,Y,Y,,,,,,,,,,,,
SM,C107 F412 SM1,00:17:58.0,PT,LUP+,Y,CHW,,,,,,,,,,,,
SM,C107 F412 SM1,00:17:59.0,CHW,GINFO+,Y,Y,,,,,,,,,,,,
SM,C107 F412 SM1,00:17:59.2,CHW,OQEF,CG,CG,,,,,,,,,,,,
SM,C107 F412 SM1,00:19:32.0,CG,CHT+,CG,CHW,,,,,,,,,,,,
SM,C107 F412 SM1,00:20:24.0,CHW,AF,CG,CG,,,,,,,,,,,,
SM,C107 F412 SM1,00:20:24.1,CHW,GINFO+,CG,CG,,,,,,,,,,,,
SM,C107 F412 SM1,00:20:40.0,CG,CHT+,Y,CHW,,,,,,,,,,,,
SM,C107 F412 SM1,00:20:42.0,PT,CML+,Y,CG,,,,,,,,,,,,
SM,C107 F412 SM1,00:20:46.0,CG,HUPW,Y,CHW,,,,,,,,,,,,
SM,C107 F412 SM1,00:20:48.0,CHW,SO,CHW,CG,,,,,,,,,,,,
SM,C107 F412 SM1,00:20:49.0,CG,CML+,CG,CHW,,,,,,,,,,,,
SM,C107 F412 SM1,00:20:56.0,CG,CHT-,Y,CHW,,,,,,,,,,,,
SM,C107 F412 SM1,00:20:57.0,PT,,,,,,,,,,,,,,,
SM,C107 F412 SM1,00:20:59.0,CG,,,,,,,,,,,,,,,
SM,C107 F412 SM1,00:21:01.0,CHW,GINFO-,Y,Y,,,,,,,,,,,,
SM,C107 F412 SM1,00:21:04.0,CG,HUPW,CG,CHW,,,,,,,,,,,,
SM,C107 F412 SM1,00:21:06.0,CHW,GINFO-,CG,CG,,,,,,,,,,,,
SM,C107 F412 SM1,00:21:07.0,CG,CHT+,Y,CHW,,,,,,,,,,,,
SM,C107 F412 SM1,00:21:08.0,CHW,,,,,,,,,,,,,,,
SM,C107 F412 SM1,00:21:09.0,CG,,,,,,,,,,,,,,,
SM,C107 F412 SM1,00:21:12.0,PT,HUPO,Y,CG,,,,,,,,,,,,
SM,C107 F412 SM1,00:21:16.0,CG,HUPW,Y,CHW,,,,,,,,,,,,
SM,C107 F412 SM1,00:21:20.0,CHW,CQO,Y,Y,,,,,,,,,,,,
SM,C107 F412 SM1,00:21:22.0,PT,HUPO,Y,CG,,,,,,,,,,,,
SM,C107 F412 SM1,00:21:24.0,CG,HUPW,CG,Y,,,,,,,,,,,,
SM,C107 F412 SM1,00:21:28.0,CHW,CQO,Y,Y,,,,,,,,,,,,
SM,C107 F412 SM1,00:21:29.0,PT,HUPO,Y,CG,,,,,,,,,,,,
SM,C107 F412 SM1,00:21:30.0,CG,LUP+,CG,Y,,,,,,,,,,,,
SM,C107 F412 SM1,00:21:31.0,PT,HUPO,Y,CG,,,,,,,,,,,,
SM,C107 F412 SM1,00:21:34.0,CG,HUPO,Y,CHW,,,,,,,,,,,,
SM,C107 F412 SM1,00:21:36.0,CHW,OQO,Y,Y,,,,,,,,,,,,
SM,C107 F412 SM1,00:21:37.0,PT,LUP+,Y,CHW,,,,,,,,,,,,
SM,C107 F412 SM1,00:21:38.0,CG,HUPO,O,CHW,,,,,,,,,,,,
SM,C107 F412 SM1,00:21:42.0,PT,HUPO,Y,CG,,,,,,,,,,,,
SM,C107 F412 SM1,00:21:43.0,CHW,RCML+S,Y,Y,,,,,,,,,,,,
SM,C107 F412 SM1,00:21:53.0,PT,CML+,Y,CHW,,,,,,,,,,,,
SM,C107 F412 SM1,00:21:56.0,CHW,SO,CHW,Y,,,,,,,,,,,,
SM,C107 F412 SM1,00:21:57.0,CG,CHT+,Y,CHW,,,,,,,,,,,,
SM,C107 F412 SM1,00:22:00.0,CHW,CQTBN,Y,Y,,,,,,,,,,,,
SM,C107 F412 SM1,00:22:02.0,PT,HUPW,Y,CHW,,,,,,,,,,,,
SM,C107 F412 SM1,00:22:03.0,CG,HUPW,CG,CHW,,,,,,,,,,,,
SM,C107 F412 SM1,00:22:05.0,CHW,GINFO-,O,B,,,,,,,,,,,,
SM,C107 F412 SM1,00:22:11.0,PT,CML-,Y,CHW,,,,,,,,,,,,
SM,C107 F412 SM1,00:22:12.0,CHW,SO,CHW,Y,,,,,,,,,,,,
SM,C107 F412 SM1,00:22:13.0,PT,CHT-,Y,CHW,,,,,,,,,,,,
SM,C107 F412 SM1,00:22:15.0,CHW,GINFO+,WE,Y,,,,,,,,,,,,
SM,C107 F412 SM1,00:22:43.0,CG,ADV+,Y,Y,,,,,,,,,,,,
SM,C107 F412 SM1,00:22:48.0,PT,CML+,Y,CG,,,,,,,,,,,,
SM,C107 F412 SM1,00:22:51.0,CHW,GINFO+,WE,Y,,,,,,,,,,,,
SM,C107 F412 SM1,00:23:39.0,PT,HUPW,O,CHW,,,,,,,,,,,,
SM,C107 F412 SM1,00:23:40.0,CHW,GINFO+,O,Y,,,,,,,,,,,,
SM,C107 F412 SM1,00:23:40.1,CHW,CQECML+,Y,Y,,,,,,,,,,,,
SM,C107 F412 SM1,00:23:40.2,CHW,RCML-S,Y,Y,,,,,,,,,,,,
SM,C107 F412 SM1,00:23:50.0,PT,CML-,Y,CHW,,,,,,,,,,,,
SM,C107 F412 SM1,00:23:52.0,CHW,GINFO-,Y,Y,,,,,,,,,,,,
SM,C107 F412 SM1,00:23:52.1,CHW,GINFO+,Y,Y,,,,,,,,,,,,
SM,C107 F412 SM1,00:23:52.2,CHW,SS,WE,Y,,,,,,,,,,,,
SM,C107 F412 SM1,00:23:52.3,CHW,EA,Y,Y,,,,,,,,,,,,
SM,C107 F412 SM1,00:24:40.0,CG,HUPW,CG,CHW,,,,,,,,,,,,
SM,C107 F412 SM1,00:24:43.0,CHW,GINFO+,Y,CG,,,,,,,,,,,,
SM,C107 F412 SM1,00:24:46.0,CG,LUP+,CG,CHW,,,,,,,,,,,,
SM,C107 F412 SM1,00:24:47.0,PT,HUPW,Y,CG,,,,,,,,,,,,
SM,C107 F412 SM1,00:24:50.0,CHW,GINFO+,Y,CG,,,,,,,,,,,,
SM,C107 F412 SM1,00:24:51.0,PT,LUP+,Y,CHW,,,,,,,,,,,,
SM,C107 F412 SM1,00:24:52.0,CG,HUPW,Y,Y,,,,,,,,,,,,
SM,C107 F412 SM1,00:24:54.0,PT,CHT+,Y,CG,,,,,,,,,,,,
SM,C107 F412 SM1,00:24:56.0,CHW,EA,Y,Y,,,,,,,,,,,,
SM,C107 F412 SM1,00:24:57.0,PT,CHT+,Y,CHW,,,,,,,,,,,,
SM,C107 F412 SM1,00:24:58.0,CHW,SS,WE,Y,,,,,,,,,,,,
SM,C107 F412 SM1,00:24:58.1,CHW,GINFO+,O,Y,,,,,,,,,,,,
SM,C107 F412 SM1,00:24:58.2,CHW,OQEF,Y,Y,,,,,,,,,,,,
SM,C107 F412 SM1,00:24:58.2,CHW,SS,WE,Y,,,,,,,,,,,,
SM,C107 F412 SM1,00:25:30.0,CG,,,,,,,,,,,,,,,
SM,C107 F412 SM1,00:25:31.0,PT,HUPW,Y,CHW,,,,,,,,,,,,
SM,C107 F412 SM1,00:25:38.0,CHW,GINFO+,OUR,B,,,,,,,,,,,,
SM,C107 F412 SM1,00:26:10.0,PT,HUPW,Y,CHW,,,,,,,,,,,,
SM,C107 F412 SM1,00:26:18.0,CHW,AF,Y,Y,,,,,,,,,,,,
SM,C107 F412 SM1,00:26:19.0,PT,HUPW,Y,CHW,,,,,,,,,,,,
SM,C107 F412 SM1,00:26:23.0,CHW,SS,CHW,Y,,,,,,,,,,,,
SM,C107 F412 SM1,00:26:43.0,PT,LUP+,Y,CHW,,,,,,,,,,,,
SM,C107 F412 SM1,00:26:44.0,CHW,GINFO+,CHW,Y,,,,,,,,,,,,
SM,C107 F412 SM1,00:26:56.0,PT,HUPW,CHW,CHW,,,,,,,,,,,,
SM,C107 F412 SM1,00:26:57.0,CHW,GINFO+,CHW,Y,,,,,,,,,,,,
SM,C107 F412 SM1,00:26:58.0,CG,HUPW,CHW,CHW,,,,,,,,,,,,
SM,C107 F412 SM1,00:27:16.0,CG,CHT+,Y,Y,,,,,,,,,,,,
SM,C107 F412 SM1,00:27:22.0,CHW,GINFO+,CHW,B,,,,,,,,,,,,
SM,C107 F412 SM1,00:28:27.0,CG,HUPW,CG,CHW,,,,,,,,,,,,
SM,C107 F412 SM1,00:28:55.0,PT,HUPW,Y,CHW,,,,,,,,,,,,
SM,C107 F412 SM1,00:28:57.0,CHW,GINFO+,CHW,Y,,,,,,,,,,,,
SM,C107 F412 SM1,00:28:57.1,CHW,CQECHT+,Y,Y,,,,,,,,,,,,
SM,C107 F412 SM1,00:28:57.2,CHW,ADV-,Y,Y,,,,,,,,,,,,
SM,C107 F412 SM1,00:29:07.0,PT,HUPW,CHW,CHW,,,,,,,,,,,,
SM,C107 F412 SM1,00:29:13.0,CHW,ADV-,Y,Y,,,,,,,,,,,,
SM,C107 F412 SM1,00:29:13.1,CHW,OQTBN,Y,Y,,,,,,,,,,,,
SM,C107 F412 SM1,00:29:22.0,CG,HUPW,Y,Y,,,,,,,,,,,,
SM,C107 F412 SM1,00:29:24.0,CHW,OQTBN,Y,Y,,,,,,,,,,,,
SM,C107 F412 SM1,00:29:28.0,PT,HUPW,Y,CHW,,,,,,,,,,,,
SM,C107 F412 SM1,00:29:29.0,CHW,CON,Y,Y,,,,,,,,,,,,
SM,C107 F412 SM1,00:29:30.0,PT,CON,Y,Y,,,,,,,,,,,,
SM,C107 F412 SM1,00:29:32.0,CHW,OQTBN,Y,Y,,,,,,,,,,,,
SM,C107 F412 SM1,00:29:36.0,PT,CHT+,Y,CHW,,,,,,,,,,,,
SM,C107 F412 SM1,00:29:38.0,CHW,OQTBN,Y,Y,,,,,,,,,,,,
SM,C107 F412 SM1,00:29:40.0,PT,CHT+,Y,CHW,,,,,,,,,,,,
SM,C107 F412 SM1,00:29:44.0,CHW,SO,CHW,Y,,,,,,,,,,,,
SM,C107 F412 SM1,00:29:45.0,CG,HUPW,Y,Y,,,,,,,,,,,,
SM,C107 F412 SM1,00:29:49.0,PT,LUP+,Y,CG,,,,,,,,,,,,
SM,C107 F412 SM1,00:29:52.0,CHW,ADV+,Y,Y,,,,,,,,,,,,
SM,C107 F412 SM1,00:29:57.0,PT,CHT+,O,CHW,,,,,,,,,,,,
SM,C107 F412 SM1,00:29:58.0,CHW,OQTBN,Y,Y,,,,,,,,,,,,
SM,C107 F412 SM1,00:30:08.0,CG,HUPW,Y,Y,,,,,,,,,,,,
SM,C107 F412 SM1,00:30:10.0,PT,CHT+,Y,CG,,,,,,,,,,,,
SM,C107 F412 SM1,00:30:11.0,CHW,GINFO+,Y,Y,,,,,,,,,,,,
SM,C107 F412 SM1,00:30:12.0,PT,CHT+,Y,CHW,,,,,,,,,,,,
SM,C107 F412 SM1,00:30:17.0,PT,CHT+,Y,CHW,,,,,,,,,,,,
SM,C107 F412 SM1,00:30:19.0,CHW,OQTBN,Y,Y,,,,,,,,,,,,
SM,C107 F412 SM1,00:30:21.0,PT,CHT+,O,CHW,,,,,,,,,,,,
SM,C107 F412 SM1,00:30:25.0,CHW,AFL,Y,Y,,,,,,,,,,,,
SM,C107 F412 SM1,00:30:28.0,CG,HUPW,CG,CHW,,,,,,,,,,,,
SM,C107 F412 SM1,00:30:29.0,CHW,SO,CHW,CG,,,,,,,,,,,,
SM,C107 F412 SM1,00:30:30.0,CG,CHT-,Y,CHW,,,,,,,,,,,,
SM,C107 F412 SM1,00:30:40.0,CHW,GINFO+,CHW,CG,,,,,,,,,,,,
SM,C107 F412 SM1,00:30:42.0,CG,LUP+,CG,CHW,,,,,,,,,,,,
SM,C107 F412 SM1,00:30:43.0,CHW,SO,CHW,CG,,,,,,,,,,,,
SM,C107 F412 SM1,00:30:44.0,CG,CHT-,CG,CHW,,,,,,,,,,,,
SM,C107 F412 SM1,00:30:52.0,CHW,GINFO+,CHW,CG,,,,,,,,,,,,
SM,C107 F412 SM1,00:30:54.0,PT,CML+,Y,CHW,,,,,,,,,,,,
SM,C107 F412 SM1,00:30:55.0,CG,HUPW,Y,CHW,,,,,,,,,,,,
SM,C107 F412 SM1,00:30:58.0,CHW,GINFO+,WE,CG,,,,,,,,,,,,
SM,C107 F412 SM1,00:31:02.0,CG,HUPW,Y,CHW,,,,,,,,,,,,
SM,C107 F412 SM1,00:31:08.0,CHW,GINFO+,Y,Y,,,,,,,,,,,,
SM,C107 F412 SM1,00:31:09.0,CG,HUPW,CG,CHW,,,,,,,,,,,,
SM,C107 F412 SM1,00:31:12.0,CG,LUP+,CG,CHW,,,,,,,,,,,,
SM,C107 F412 SM1,00:31:13.0,PT,HUPW,Y,B,,,,,,,,,,,,
SM,C107 F412 SM1,00:31:14.0,CG,HUPW,Y,Y,,,,,,,,,,,,
SM,C107 F412 SM1,00:31:18.0,CG,LUP+,CG,Y,,,,,,,,,,,,
SM,C107 F412 SM1,00:31:19.0,PT,CML+,Y,CG,,,,,,,,,,,,
SM,C107 F412 SM1,00:31:21.0,CG,LUP+,CG,Y,,,,,,,,,,,,
SM,C107 F412 SM1,00:31:22.0,PT,HUPW,Y,B,,,,,,,,,,,,
SM,C107 F412 SM1,00:31:25.0,CHW,OQTBN,Y,CG,,,,,,,,,,,,
SM,C107 F412 SM1,00:31:27.0,CG,HUPW,Y,CHW,,,,,,,,,,,,
SM,C107 F412 SM1,00:31:28.0,PT,HUPW,Y,CHW,,,,,,,,,,,,
SM,C107 F412 SM1,00:31:30.0,PT,HUPW, Y ,CHW,,,,,,,,,,,,
SM,C107 F412 SM1,00:31:31.0,CHW,CQO,CHW,CG,,,,,,,,,,,,
SM,C107 F412 SM1,00:31:32.0,CG,HUPO,CG,CHW,,,,,,,,,,,,
SM,C107 F412 SM1,00:31:33.0,CHW,SO,CHW,CG,,,,,,,,,,,,
SM,C107 F412 SM1,00:31:34.0,CG,HUPW,OUR,CHW,,,,,,,,,,,,
SM,C107 F412 SM1,00:31:41.0,CHW,SD,CHW,CG,,,,,,,,,,,,
SM,C107 F412 SM1,00:31:42.0,CG,HUPW,Y,CHW,,,,,,,,,,,,
SM,C107 F412 SM1,00:31:43.0,CHW,SO,CHW,CG,,,,,,,,,,,,
SM,C107 F412 SM1,00:31:45.0,CG,LUP+,CG,CHW,,,,,,,,,,,,
SM,C107 F412 SM1,00:31:46.0,PT,HUPW,Y,CG,,,,,,,,,,,,
SM,C107 F412 SM1,00:31:49.0,CG,ADV-,Y,Y,,,,,,,,,,,,
SM,C107 F412 SM1,00:31:53.0,PT,CHT-,Y,CG,,,,,,,,,,,,
SM,C107 F412 SM1,00:31:54.0,CG,HUPW,Y,Y,,,,,,,,,,,,
SM,C107 F412 SM1,00:31:55.0,CHW,GINFO-,Y,Y,,,,,,,,,,,,
SM,C107 F412 SM1,00:31:57.0,CG,ADV-,Y,Y,,,,,,,,,,,,
SM,C107 F412 SM1,00:32:00.0,CHW,CQECML+,Y,Y,,,,,,,,,,,,
SM,C107 F412 SM1,00:32:03.0,PT,CML+,Y,CHW,,,,,,,,,,,,
SM,C107 F412 SM1,00:32:05.0,CHW,ADV-,Y,Y,,,,,,,,,,,,
SM,C107 F412 SM1,00:32:05.1,CHW,GINFO-,CHW,Y,,,,,,,,,,,,
SM,C107 F412 SM1,00:32:12.0,CG,ADV-,Y,Y,,,,,,,,,,,,
SM,C107 F412 SM1,00:32:16.0,PT,HUPW,Y,CHW,,,,,,,,,,,,
SM,C107 F412 SM1,00:32:19.0,CG,ADV-,Y,Y,,,,,,,,,,,,
SM,C107 F412 SM1,00:32:20.0,PT,CML+,Y,CG,,,,,,,,,,,,
SM,C107 F412 SM1,00:32:22.0,CG,HUPW,Y,Y,,,,,,,,,,,,
SM,C107 F412 SM1,00:32:24.0,PT,CML+,Y,CG,,,,,,,,,,,,
SM,C107 F412 SM1,00:32:27.0,CG,ADV-,Y,Y,,,,,,,,,,,,
SM,C107 F412 SM1,00:32:31.0,PT,CML+,Y,CG,,,,,,,,,,,,
SM,C107 F412 SM1,00:32:35.0,CG,CHT+,Y,Y,,,,,,,,,,,,
SM,C107 F412 SM1,00:32:38.0,CHW,ADV-,Y,Y,,,,,,,,,,,,
SM,C107 F412 SM1,00:32:39.0,CG,ADV-,Y,Y,,,,,,,,,,,,
SM,C107 F412 SM1,00:32:42.0,CHW,SO,CHW,CG,,,,,,,,,,,,
SM,C107 F412 SM1,00:32:43.0,CG,HUPW,Y,Y,,,,,,,,,,,,
SM,C107 F412 SM1,00:32:46.0,PT,CML+,Y,CG,,,,,,,,,,,,
SM,C107 F412 SM1,00:32:55.0,CHW,CON,Y,Y,,,,,,,,,,,,
SM,C107 F412 SM1,00:32:57.0,PT,HUPW,Y,CHW,,,,,,,,,,,,
SM,C107 F412 SM1,00:32:58.0,CHW,GINFO+,Y,Y,,,,,,,,,,,,
SM,C107 F412 SM1,00:33:00.0,PT,HUPW ,Y,CHW,,,,,,,,,,,,
SM,C107 F412 SM1,00:33:02.0, ,GINFO+,CHW,Y,,,,,,,,,,,,
SM,C107 F412 SM1,00:33:03.0,PT,HUPW,O,CHW,,,,,,,,,,,,
SM,C107 F412 SM1,00:33:04.0,CHW,RCML+S,Y,Y,,,,,,,,,,,,
SM,C107 F412 SM1,00:33:04.1,CHW,OWTBN,Y,Y,,,,,,,,,,,,
SM,C107 F412 SM1,00:33:08.0,PT,HUPW,Y,CHW,,,,,,,,,,,,
SM,C107 F412 SM1,00:33:12.0,CHW,ADV-,Y,Y,,,,,,,,,,,,
SM,C107 F412 SM1,00:33:14.0,PT,HUPW,Y ,CHW,,,,,,,,,,,,
SM,C107 F412 SM1,00:33:17.0,CHW,OQTBN,Y,Y,,,,,,,,,,,,
SM,C107 F412 SM1,00:33:19.0,PT,CHT-,Y,CHW,,,,,,,,,,,,
SM,C107 F412 SM1,00:33:21.0,CHW,RCHT-S,Y,Y,,,,,,,,,,,,
SM,C107 F412 SM1,00:33:21.1,CHW,OQECML+,Y,Y,,,,,,,,,,,,
SM,C107 F412 SM1,00:33:26.0,PT,CML+,Y,CHW,,,,,,,,,,,,
SM,C107 F412 SM1,00:33:29.0,CG,LUP+,CG,Y,,,,,,,,,,,,
SM,C107 F412 SM1,00:33:30.0,CHW,GINFO+,Y,Y,,,,,,,,,,,,
SM,C107 F412 SM1,00:33:31.0,PT,CML+,Y,CHW,,,,,,,,,,,,
SM,C107 F412 SM1,00:33:32.0,CHW,GINFO+,Y,Y,,,,,,,,,,,,
SM,C107 F412 SM1,00:33:32.1,CHW,OQECML+,Y,Y,,,,,,,,,,,,
SM,C107 F412 SM1,00:33:33.0,CG,,,,,,,,,,,,,,,
SM,C107 F412 SM1,00:33:34.0,CHW,OQECML+,Y,Y,,,,,,,,,,,,
SM,C107 F412 SM1,00:33:37.0,PT,LUP+,Y,CHW,,,,,,,,,,,,
SM,C107 F412 SM1,00:33:40.0,CHW,GINFO-,Y,Y,,,,,,,,,,,,
SM,C107 F412 SM1,00:33:42.0,PT,HUPW,Y,CHW,,,,,,,,,,,,
SM,C107 F412 SM1,00:33:44.0,CG,HUPW,CG,Y,,,,,,,,,,,,
SM,C107 F412 SM1,00:33:45.0,CHW,GINFO+,CHW,B,,,,,,,,,,,,
SM,C107 F412 SM1,00:33:46.0,CG,HUPW,CG,CHW,,,,,,,,,,,,
SM,C107 F412 SM1,00:33:48.0,CHW,OQECML+,Y,Y,,,,,,,,,,,,
SM,C107 F412 SM1,00:33:52.0,PT,LUP+,Y,CHW,,,,,,,,,,,,
SM,C107 F412 SM1,00:33:54.0,CHW,CQTBN,Y,Y,,,,,,,,,,,,
SM,C107 F412 SM1,00:33:55.0,PT,CML+,Y,CHW,,,,,,,,,,,,
SM,C107 F412 SM1,00:33:58.0,CG,CHT+,Y,Y,,,,,,,,,,,,
SM,C107 F412 SM1,00:34:08.0,CHW,GINFO-,Y,Y,,,,,,,,,,,,
SM,C107 F412 SM1,00:34:13.0,CG,HUPW,Y,CHW,,,,,,,,,,,,
SM,C107 F412 SM1,00:34:14.0,CHW,GINFO-,Y,Y,,,,,,,,,,,,
SM,C107 F412 SM1,00:34:14.1,CHW,CQTBN,Y,Y,,,,,,,,,,,,
SM,C107 F412 SM1,00:34:16.0,CG,HUPW,FAM,CHW,,,,,,,,,,,,
SM,C107 F412 SM1,00:34:17.0,CHW,RCML+S,Y,Y,,,,,,,,,,,,
SM,C107 F412 SM1,00:34:19.0,CG,HUPO,FAM,CHW,,,,,,,,,,,,
SM,C107 F412 SM1,00:34:21.0,CHW,OQECML+,Y,Y,,,,,,,,,,,,
SM,C107 F412 SM1,00:34:25.0,PT,LUP+,Y,CHW,,,,,,,,,,,,
SM,C107 F412 SM1,00:34:29.0,CHW,CQECML+,Y,Y,,,,,,,,,,,,
SM,C107 F412 SM1,00:34:33.0,PT,CML+,Y,CHW,,,,,,,,,,,,
SM,C107 F412 SM1,00:34:36.0,CG,HUPW,Y,Y,,,,,,,,,,,,
SM,C107 F412 SM1,00:34:38.0,PT,CML+,Y,B,,,,,,,,,,,,
SM,C107 F412 SM1,00:34:39.0,CHW,RCML+S,Y,Y,,,,,,,,,,,,
SM,C107 F412 SM1,00:34:40.0,PT,CML+,Y,CHW,,,,,,,,,,,,
SM,C107 F412 SM1,00:34:41.0,CHW,OQTBN,Y,Y,,,,,,,,,,,,
SM,C107 F412 SM1,00:34:59.0,PT,CML+,Y,CHW,,,,,,,,,,,,
SM,C107 F412 SM1,00:35:01.0,CHW,GINFO-,Y,Y,,,,,,,,,,,,
SM,C107 F412 SM1,00:35:01.1,CHW,OQECML+,Y,Y,,,,,,,,,,,,
SM,C107 F412 SM1,00:35:13.0,PT,HUPW,OUR,CHW,,,,,,,,,,,,
SM,C107 F412 SM1,00:35:14.0,CHW,CQECML-,Y,Y,,,,,,,,,,,,
SM,C107 F412 SM1,00:35:17.0,PT,CML-,Y,CHW,,,,,,,,,,,,
SM,C107 F412 SM1,00:35:19.0,CHW,SO,CHW,Y,,,,,,,,,,,,
SM,C107 F412 SM1,00:35:20.0,CG,HUPW,Y,Y,,,,,,,,,,,,
SM,C107 F412 SM1,00:35:22.0,CHW,SS,Y,Y,,,,,,,,,,,,
SM,C107 F412 SM1,00:35:25.0,PT,HUPW,Y,Y,,,,,,,,,,,,
SM,C107 F412 SM1,00:35:28.0,CHW,GINFO+,Y,Y,,,,,,,,,,,,
SM,C107 F412 SM1,00:35:31.0,CG,HUPW,Y,Y,,,,,,,,,,,,
SM,C107 F412 SM1,00:35:35.0,PT,LUP+,Y,CG,,,,,,,,,,,,
SM,C107 F412 SM1,00:35:36.0,CHW,CQECML+,Y,Y,,,,,,,,,,,,
SM,C107 F412 SM1,00:35:39.0,PT,CML+,Y,CHW,,,,,,,,,,,,
SM,C107 F412 SM1,00:35:42.0,CHW,CQTBN,Y,Y,,,,,,,,,,,,
SM,C107 F412 SM1,00:35:53.0,CG,HUPW,CG,CHW,,,,,,,,,,,,
SM,C107 F412 SM1,00:35:54.0,CHW,GINFO+,CHW,B,,,,,,,,,,,,
SM,C107 F412 SM1,00:35:56.0,CG,HUPW,CG,CHW,,,,,,,,,,,,
SM,C107 F412 SM1,00:35:57.0,PT,HUPW,Y,CG,,,,,,,,,,,,
SM,C107 F412 SM1,00:35:59.0,CHW,OQECML+,Y,Y,,,,,,,,,,,,
SM,C107 F412 SM1,00:35:59.1,CHW,GINFO+,Y,Y,,,,,,,,,,,,
SM,C107 F412 SM1,00:35:59.2,CHW,CQTBN,Y,Y,,,,,,,,,,,,
SM,C107 F412 SM1,00:36:12.0,PT,HUPW,Y,CHW,,,,,,,,,,,,
SM,C107 F412 SM1,00:36:14.0,CHW,GINFO-,CHW,Y,,,,,,,,,,,,
SM,C107 F412 SM1,00:36:17.0,PT,LUP+,Y,CHW,,,,,,,,,,,,
SM,C107 F412 SM1,00:36:18.0,CHW,GINFO+,CHW,Y,,,,,,,,,,,,
SM,C107 F412 SM1,00:36:18.1,CHW,OQECML+,Y,Y,,,,,,,,,,,,
SM,C107 F412 SM1,00:36:25.0,PT,CML+,Y,CHW,,,,,,,,,,,,
SM,C107 F412 SM1,00:36:27.0,CHW,ADV-,Y,Y,,,,,,,,,,,,
SM,C107 F412 SM1,00:36:32.0,CG,HUPW,Y,Y,,,,,,,,,,,,
SM,C107 F412 SM1,00:36:34.0,PT,HUPW,Y,CG,,,,,,,,,,,,
SM,C107 F412 SM1,00:36:35.0,CHW,GINFO+,CHW,B,,,,,,,,,,,,
SM,C107 F412 SM1,00:36:39.0,CG,HUPW,Y,Y,,,,,,,,,,,,
SM,C107 F412 SM1,00:36:46.0,CHW,GINFO-,CHW,CG,,,,,,,,,,,,
SM,C107 F412 SM1,00:36:47.0,CG,HUPW,Y,CHW,,,,,,,,,,,,
SM,C107 F412 SM1,00:36:49.0,CHW,GINFO+,CHW,CG,,,,,,,,,,,,
SM,C107 F412 SM1,00:36:52.0,CG,CHT+,Y,Y,,,,,,,,,,,,
SM,C107 F412 SM1,00:36:58.0,CHW,GINFO-,CHW,Y,,,,,,,,,,,,
SM,C107 F412 SM1,00:36:58.1,CHW,CQECML+,Y,Y,,,,,,,,,,,,
SM,C107 F412 SM1,00:37:10.0,PT,CML+,Y,CHW,,,,,,,,,,,,
SM,C107 F412 SM1,00:37:11.0,CHW,ADV-,Y,Y,,,,,,,,,,,,
SM,C107 F412 SM1,00:37:15.0,PT,CML+,Y,CHW,,,,,,,,,,,,
SM,C107 F412 SM1,00:37:25.0,CHW,CQECML+,Y,Y,,,,,,,,,,,,
SM,C107 F412 SM1,00:37:26.0,PT,CML+,Y,CHW,,,,,,,,,,,,
SM,C107 F412 SM1,00:37:27.0,CHW,AF,Y,Y,,,,,,,,,,,,
SM,C107 F412 SM1,00:37:27.1,CHW,RCML+S,Y,CG,,,,,,,,,,,,
SM,C107 F412 SM1,00:37:34.0,CG,HUPW,Y,Y,,,,,,,,,,,,
SM,C107 F412 SM1,00:37:35.0,PT,HUPW,OUR,CHW,,,,,,,,,,,,
SM,C107 F412 SM1,00:37:50.0,CHW,CQECML+,Y,Y,,,,,,,,,,,,
SM,C107 F412 SM1,00:37:50.0,CHW,ADV+,Y,Y,,,,,,,,,,,,
SM,C107 F412 SM1,00:37:57.0,CG,HUPO,O,O,,,,,,,,,,,,
SM,C107 F412 SM1,00:37:59.0,PT,LUP+,Y,CHW,,,,,,,,,,,,
SM,C107 F412 SM1,00:38:00.0,CHW,OQECML+,Y,Y,,,,,,,,,,,,
SM,C107 F412 SM1,00:38:14.0,PT,CML+,Y,CHW,,,,,,,,,,,,
SM,C107 F412 SM1,00:38:19.0,CHW,SO,CHW,Y,,,,,,,,,,,,
SM,C107 F412 SM1,00:38:21.0,PT,HUPW,Y,CHW,,,,,,,,,,,,
SM,C107 F412 SM1,00:38:25.0,CHW,CQECML+,Y,Y,,,,,,,,,,,,
SM,C107 F412 SM1,00:38:27.0,PT,CML+,Y,CHW,,,,,,,,,,,,
SM,C107 F412 SM1,00:38:29.0,CHW,CQTBN,Y,Y,,,,,,,,,,,,
SM,C107 F412 SM1,00:38:32.0,CG,LUP+,Y,CHW,,,,,,,,,,,,
SM,C107 F412 SM1,00:38:34.0,CHW,SO,CHW,CG,,,,,,,,,,,,
SM,C107 F412 SM1,00:38:35.0,CG,HUPW,Y,CHW,,,,,,,,,,,,
SM,C107 F412 SM1,00:38:42.0,CHW,CQTBN,Y,Y,,,,,,,,,,,,
SM,C107 F412 SM1,00:38:44.0,CG,HUPW,Y,Y,,,,,,,,,,,,
SM,C107 F412 SM1,00:38:46.0,PT,HUPW,Y,CG,,,,,,,,,,,,
SM,C107 F412 SM1,00:38:47.0,CG,HUPW,Y,Y,,,,,,,,,,,,
SM,C107 F412 SM1,00:38:52.0,CHW,GINFO+,CHW,CG,,,,,,,,,,,,
SM,C107 F412 SM1,00:38:53.0,PT,HUPW,Y,CG,,,,,,,,,,,,
SM,C107 F412 SM1,00:38:54.0,CG,HUPW,CG,Y,,,,,,,,,,,,
SM,C107 F412 SM1,00:38:56.0,CHW,CQECML+,Y,Y,,,,,,,,,,,,
SM,C107 F412 SM1,00:39:02.0,PT,CML+,Y,CHW,,,,,,,,,,,,
SM,C107 F412 SM1,00:39:03.0,CHW,GINFO+,WE,Y,,,,,,,,,,,,
SM,C107 F412 SM1,00:39:03.1,CHW,OQECML+,Y,Y,,,,,,,,,,,,
SM,C107 F412 SM1,00:39:17.0,CG,HUPW,CG,CHW,,,,,,,,,,,,
SM,C107 F412 SM1,00:39:20.0,CHW,CQECML+,Y,Y,,,,,,,,,,,,
SM,C107 F412 SM1,00:39:25.0,PT,CML+,Y,CHW,,,,,,,,,,,,
SM,C107 F412 SM1,00:39:26.0,CHW,CQECML+,Y,Y,,,,,,,,,,,,
SM,C107 F412 SM1,00:39:29.0,PT,CML+,Y,CHW,,,,,,,,,,,,
SM,C107 F412 SM1,00:39:30.0,CHW,SO,CHW,Y,,,,,,,,,,,,
SM,C107 F412 SM1,00:39:31.0,PT,HUPW,CHW,CHW,,,,,,,,,,,,
SM,C107 F412 SM1,00:39:33.0,CHW,CQECML+,Y,Y,,,,,,,,,,,,
SM,C107 F412 SM1,00:39:39.0,PT,CML+,Y,CHW,,,,,,,,,,,,
SM,C107 F412 SM1,00:39:41.0,CHW,OQECML+,Y,Y,,,,,,,,,,,,
SM,C107 F412 SM1,00:39:44.0,PT,HUPW,Y,CHW,,,,,,,,,,,,
SM,C107 F412 SM1,00:39:47.0,CHW,SO,CHW,Y,,,,,,,,,,,,
SM,C107 F412 SM1,00:39:52.0,PT,CML+,Y,CHW,,,,,,,,,,,,
SM,C107 F412 SM1,00:40:09.0,CHW,CQECML+,Y,Y,,,,,,,,,,,,
SM,C107 F412 SM1,00:40:10.0,PT,CML+,Y,CHW,,,,,,,,,,,,
SM,C107 F412 SM1,00:40:11.0,CHW,GINFO-,WE,Y,,,,,,,,,,,,
SM,C107 F412 SM1,00:40:14.0,PT,LUP+,Y,CHW,,,,,,,,,,,,
SM,C107 F412 SM1,00:40:15.0,CHW,GINFO+,Y,Y,,,,,,,,,,,,
SM,C107 F412 SM1,00:40:16.0,CG,ADV+,Y,CHW,,,,,,,,,,,,
SM,C107 F412 SM1,00:40:17.0,PT,CML+,Y,CG,,,,,,,,,,,,
SM,C107 F412 SM1,00:40:18.0,CG,ADV+,Y,Y,,,,,,,,,,,,
SM,C107 F412 SM1,00:40:20.0,CHW,RCML+S,Y,Y,,,,,,,,,,,,
SM,C107 F412 SM1,00:40:20.1,CHW,OQECML+,Y,Y,,,,,,,,,,,,
SM,C107 F412 SM1,00:40:26.0,PT,CML+,Y,CHW,,,,,,,,,,,,
SM,C107 F412 SM1,00:40:29.0,CHW,CQECML+,Y,Y,,,,,,,,,,,,
SM,C107 F412 SM1,00:40:29.1,CHW,AFL,Y,Y,,,,,,,,,,,,
SM,C107 F412 SM1,00:40:29.2,CHW,OQECML+,Y,Y,,,,,,,,,,,,
SM,C107 F412 SM1,00:40:39.0,PT,CML+,Y,CHW,,,,,,,,,,,,
SM,C107 F412 SM1,00:40:40.0,CHW,SO,CHW,Y,,,,,,,,,,,,
SM,C107 F412 SM1,00:40:43.0,PT,HUPO,CG,CG,,,,,,,,,,,,
SM,C107 F412 SM1,00:40:45.0,CG,HUPO,CG,CG,,,,,,,,,,,,
SM,C107 F412 SM1,00:40:54.0,PT,CML+,Y,CHW,,,,,,,,,,,,
SM,C107 F412 SM1,00:40:55.0,CHW,AF,Y,Y,,,,,,,,,,,,
SM,C107 F412 SM1,00:40:55.1,CHW,SS,WE,Y,,,,,,,,,,,,
SM,C107 F412 SM1,00:41:16.0,PT,CML+,Y,CHW,,,,,,,,,,,,
SM,C107 F412 SM1,00:41:34.0,CHW,OQEF,Y,Y,,,,,,,,,,,,
SM,C107 F412 SM1,00:41:34.1,CHW,CQTBN,Y,Y,,,,,,,,,,,,
SM,C107 F412 SM1,00:41:43.0,PT,LUP+,Y,CHW,,,,,,,,,,,,
SM,C107 F412 SM1,00:41:44.0,CHW,AFL,Y,Y,,,,,,,,,,,,
SM,C107 F412 SM1,00:41:44.1,CHW,GINFO+,Y,Y,,,,,,,,,,,,
SM,C107 F412 SM1,00:41:58.0,CG,HUPW,CG,Y,,,,,,,,,,,,
SM,C107 F412 SM1,00:42:04.0,PT,HUPW,Y,CG,,,,,,,,,,,,
SM,C107 F412 SM1,00:42:05.0,CG,HUPW,Y,Y,,,,,,,,,,,,
SM,C107 F412 SM1,00:42:08.0,PT,LUP+,Y,CHW,,,,,,,,,,,,
SM,C107 F412 SM1,00:42:09.0,CG,HUPW,Y,Y,,,,,,,,,,,,
SM,C107 F412 SM1,00:42:11.0,PT,HUPW,Y,CG,,,,,,,,,,,,
SM,C107 F412 SM1,00:42:19.0,CHW,GINFO-,Y,CG,,,,,,,,,,,,
SM,C107 F412 SM1,00:42:27.0,CG,HUPW,Y,CHW,,,,,,,,,,,,
SM,C107 F412 SM1,00:42:29.0,CHW,GINFO-,CHW,CG,,,,,,,,,,,,
SM,C107 F412 SM1,00:42:34.0,CG,HUPW,Y,CHW,,,,,,,,,,,,
SM,C107 F412 SM1,00:42:36.0,CHW,GINFO-,CHW,CG,,,,,,,,,,,,
SM,C107 F412 SM1,00:42:38.0,PT,CML+,Y,CHW,,,,,,,,,,,,
SM,C107 F412 SM1,00:42:39.0,CG,HUPW,Y,Y,,,,,,,,,,,,
SM,C107 F412 SM1,00:42:41.0,PT,LUP+,Y,CG,,,,,,,,,,,,
SM,C107 F412 SM1,00:42:43.0,CG,HUPW,Y,Y,,,,,,,,,,,,
SM,C107 F412 SM1,00:42:53.0,CHW,GINFO+,CHW,CG,,,,,,,,,,,,
SM,C107 F412 SM1,00:42:55.0,PT,LUP+,Y,CHW,,,,,,,,,,,,
SM,C107 F412 SM1,00:42:56.0,CHW,CQO,CHW,Y,,,,,,,,,,,,
SM,C107 F412 SM1,00:42:58.0,CG,HUPW,Y,CHW,,,,,,,,,,,,
SM,C107 F412 SM1,00:43:10.0,PT,HUPW,Y,CG,,,,,,,,,,,,
SM,C107 F412 SM1,00:43:14.0,CG,HUPW,CG,Y,,,,,,,,,,,,
SM,C107 F412 SM1,00:43:23.0,CHW,GINFO+,CG,CG,,,,,,,,,,,,
SM,C107 F412 SM1,00:43:24.0,CG,HUPW,CG,CHW,,,,,,,,,,,,
SM,C107 F412 SM1,00:43:29.0,PT,HUPW,Y,CG,,,,,,,,,,,,
SM,C107 F412 SM1,00:43:30.0,CG,HUPW,CG,CHW,,,,,,,,,,,,
SM,C107 F412 SM1,00:43:35.0,CHW,GINFO+,Y,CG,,,,,,,,,,,,
SM,C107 F412 SM1,00:43:41.0,CG,HUPW,Y,CHW,,,,,,,,,,,,
SM,C107 F412 SM1,00:43:51.0,CHW,SO,CHW,CG,,,,,,,,,,,,
SM,C107 F412 SM1,00:43:54.0,CG,HUPW,Y,CHW,,,,,,,,,,,,
SM,C107 F412 SM1,00:44:03.0,CHW,OQTBN,OUR,B,,,,,,,,,,,,
SM,C107 F412 SM1,00:44:08.0,CG,CHT+,CG,CHW,,,,,,,,,,,,
SM,C107 F412 SM1,00:44:09.0,PT,CHT+,Y,CG,,,,,,,,,,,,
SM,C107 F412 SM1,00:44:13.0,CHW,GINFO-,WE,Y,,,,,,,,,,,,
SM,C107 F412 SM1,00:44:13.0,CHW,OQECML+,Y,Y,,,,,,,,,,,,
SM,C107 F412 SM1,00:44:29.0,PT,CML+,Y,CHW,,,,,,,,,,,,
SM,C107 F412 SM1,00:44:31.0,CHW,CQECML,Y,Y,,,,,,,,,,,,
SM,C107 F412 SM1,00:44:33.0,PT,CML+,Y,CHW,,,,,,,,,,,,
SM,C107 F412 SM1,00:44:34.0,CG,CHT+,Y,Y,,,,,,,,,,,,
SM,C107 F412 SM1,00:44:35.0,PT,HUPW,Y,CG,,,,,,,,,,,,
SM,C107 F412 SM1,00:44:36.0,CG,HUPW,Y,Y,,,,,,,,,,,,
SM,C107 F412 SM1,00:44:38.0,PT,LUP+,Y,CG,,,,,,,,,,,,
SM,C107 F412 SM1,00:44:39.0,CHW,EA,Y,Y,,,,,,,,,,,,
SM,C107 F412 SM1,00:44:47.0,PT,HUPW,Y,CHW,,,,,,,,,,,,
SM,C107 F412 SM1,00:44:50.0,CG,LUP+,CG,CHW,,,,,,,,,,,,
SM,C107 F412 SM1,00:44:52.0,CHW,SO,CHW,B,,,,,,,,,,,,
SM,C107 F412 SM1,00:44:55.0,CG,HUPW,Y,Y,,,,,,,,,,,,
SM,C107 F412 SM1,00:45:03.0,CHW,AF,CG,CG,,,,,,,,,,,,
SM,C107 F412 SM1,00:45:07.0,CG,HUPW,Y,Y,,,,,,,,,,,,
SM,C107 F412 SM1,00:45:27.0,CHW,OQO,CHW,CG,,,,,,,,,,,,
SM,C107 F412 SM1,00:45:28.0,CG,HUPW,Y,CHW,,,,,,,,,,,,
SM,C107 F412 SM1,00:45:31.0,CHW,GINFO+,CHW,CG,,,,,,,,,,,,
SM,C107 F412 SM1,00:45:37.0,CHW,OQTBN,Y,Y,,,,,,,,,,,,
SM,C107 F412 SM1,00:45:39.0,PT,HUPW,Y,CHW,,,,,,,,,,,,
SM,C107 F412 SM1,00:45:40.0,CHW,GINFO+,CHW,Y,,,,,,,,,,,,
SM,C107 F412 SM1,00:45:51.0,CG,HUPW,Y,CHW,,,,,,,,,,,,
SM,C107 F412 SM1,00:45:52.0,CHW,ADV+,Y,Y,,,,,,,,,,,,
SM,C107 F412 SM1,00:45:59.0,CG,HUPW,CG,CHW,,,,,,,,,,,,
SM,C107 F412 SM1,00:46:00.0,CHW,GINFO+,Y,Y,,,,,,,,,,,,
SM,C107 F412 SM1,00:46:00.0,CHW,AF,Y,Y,,,,,,,,,,,,
SM,C107 F412 SM1,00:46:31.0,CG,CHT+,OUR,CHW,,,,,,,,,,,,
SM,C107 F412 SM1,00:46:38.0,PT,HUPW,OUR,CG,,,,,,,,,,,,
SM,C107 F412 SM1,00:46:40.0,CG,HUPW,CG,Y,,,,,,,,,,,,
SM,C107 F412 SM1,00:46:41.0,PT,HUPW,Y,CG,,,,,,,,,,,,
SM,C107 F412 SM1,00:46:43.0,CG,ADV+,Y,Y,,,,,,,,,,,,
SM,C107 F412 SM1,00:46:55.0,PT,CHT+,Y,CG,,,,,,,,,,,,
SM,C107 F412 SM1,00:47:07.0,CHW,OQTBN,Y,Y,,,,,,,,,,,,
SM,C107 F412 SM1,00:47:09.0,CG,ADV-,Y,Y,,,,,,,,,,,,
SM,C107 F412 SM1,00:47:11.0,PT,CHT+,Y,CG,,,,,,,,,,,,
SM,C107 F412 SM1,00:47:15.0,CHW,SO,CHW,B,,,,,,,,,,,,
SM,C107 F412 SM1,00:47:17.0,PT,HUPW,Y,CG,,,,,,,,,,,,
SM,C107 F412 SM1,00:47:19.0,CG,HUPW,Y,Y,,,,,,,,,,,,
SM,C107 F412 SM1,00:47:20.0,PT,LUP+,Y,CG,,,,,,,,,,,,
SM,C107 F412 SM1,00:47:21.0,CG,CON,Y,Y,,,,,,,,,,,,
SM,C107 F412 SM1,00:47:29.0,PT,HUPW,Y,CG,,,,,,,,,,,,
SM,C107 F412 SM1,00:47:31.0,CG,HUPW,Y,CHW,,,,,,,,,,,,
SM,C107 F412 SM1,00:47:38.0,PT,HUPW,Y,CG,,,,,,,,,,,,
SM,C107 F412 SM1,00:47:39.0,CHW,SO,CHW,B,,,,,,,,,,,,
SM,C107 F412 SM1,00:47:40.0,CG,HUPW,OUR,CHW,,,,,,,,,,,,
SM,C107 F412 SM1,00:47:42.0,PT,CHT-,Y,CG,,,,,,,,,,,,
SM,C107 F412 SM1,00:47:47.0,CG,LUP+,CG,Y,,,,,,,,,,,,
SM,C107 F412 SM1,00:47:49.0,CHW,OQECHT+,Y,Y,,,,,,,,,,,,
SM,C107 F412 SM1,00:47:51.0,PT,CHT+,Y,CHW,,,,,,,,,,,,
SM,C107 F412 SM1,00:47:52.0,CHW,RCHT+S,Y,Y,,,,,,,,,,,,
SM,C107 F412 SM1,00:47:54.0,CG,HUPW,Y,Y,,,,,,,,,,,,
SM,C107 F412 SM1,00:48:01.0,CHW,CON,CHW,CG,,,,,,,,,,,,
SM,C107 F412 SM1,00:48:05.0,CG,CHT-,CG,CHW,,,,,,,,,,,,
SM,C107 F412 SM1,00:48:08.0,CHW,CON,WE,CG,,,,,,,,,,,,
SM,C107 F412 SM1,00:48:12.0,CG,CHT+,CG,CHW,,,,,,,,,,,,
SM,C107 F412 SM1,00:48:14.0,CHW,GINFO-,CG,CG,,,,,,,,,,,,
SM,C107 F412 SM1,00:48:19.0,PT,CHT+,Y,CHW,,,,,,,,,,,,
SM,C107 F412 SM1,00:48:22.0,CG,HUPW,Y,CHW,,,,,,,,,,,,
SM,C107 F412 SM1,00:48:24.0,CHW,GINFO+,Y,CG,,,,,,,,,,,,
SM,C107 F412 SM1,00:48:25.0,CG,HUPW,Y,CHW,,,,,,,,,,,,
SM,C107 F412 SM1,00:48:26.0,CHW,GINFO-,Y,CG,,,,,,,,,,,,
SM,C107 F412 SM1,00:48:28.0,CG,CHT-,Y,CHW,,,,,,,,,,,,
SM,C107 F412 SM1,00:48:30.0,CHW,GINFO-,Y,CG,,,,,,,,,,,,
SM,C107 F412 SM1,00:48:32.0,CG,CHT-,CG,CHW,,,,,,,,,,,,
SM,C107 F412 SM1,00:48:36.0,CHW,CQTBN,Y,Y,,,,,,,,,,,,
SM,C107 F412 SM1,00:48:37.0,PT,LUP+,Y,CHW,,,,,,,,,,,,
SM,C107 F412 SM1,00:48:39.0,CG,HUPW,WE,CHW,,,,,,,,,,,,
SM,C107 F412 SM1,00:48:40.0,PT,CHT+,Y,CG,,,,,,,,,,,,
SM,C107 F412 SM1,00:48:42.0,CHW,AF,Y,Y,,,,,,,,,,,,
SM,C107 F412 SM1,00:48:45.0,CG,ADV+,Y,Y,,,,,,,,,,,,
SM,C107 F412 SM1,00:48:49.0,PT,CHT-,Y,CG,,,,,,,,,,,,
SM,C107 F412 SM1,00:48:50.0,CG,HUPW,Y,Y,,,,,,,,,,,,
SM,C107 F412 SM1,00:48:53.0,CHW,AF,Y,Y,,,,,,,,,,,,
SM,C107 F412 SM1,00:48:54.0,CG,ADV+,Y,Y,,,,,,,,,,,,
SM,C107 F412 SM1,00:48:57.0,PT,HUPW,Y,CG,,,,,,,,,,,,
SM,C107 F412 SM1,00:48:59.0,CG,HUPW,CG,Y,,,,,,,,,,,,
SM,C107 F412 SM1,00:49:01.0,PT,HUPO,CG,CHW,,,,,,,,,,,,
SM,C107 F412 SM1,00:49:02.0,CHW,GINFO+,OUR,B,,,,,,,,,,,,
SM,C107 F412 SM1,00:49:09.0,CG,ADV+,Y,Y,,,,,,,,,,,,
SM,C107 F412 SM1,00:49:13.0,CHW,GINFO+,CHW,B,,,,,,,,,,,,
SM,C107 F412 SM1,00:49:18.0,CG,ADV-,Y,Y,,,,,,,,,,,,
SM,C107 F412 SM1,00:49:20.0,PT,CML+,Y,CG,,,,,,,,,,,,
SM,C107 F412 SM1,00:49:23.0,CG,CHT-,Y,Y,,,,,,,,,,,,
SM,C107 F412 SM1,00:49:24.0,CHW,OQO,CHW,CG,,,,,,,,,,,,
SM,C107 F412 SM1,00:49:27.0,CG,HUPO,Y,Y,,,,,,,,,,,,
SM,C107 F412 SM1,00:49:29.0,PT,HUPO,Y,Y,,,,,,,,,,,,
SM,C107 F412 SM1,00:49:32.0,CHW,SO,CHW,B,,,,,,,,,,,,
SM,C107 F412 SM1,00:49:33.0,CG,HUPO,CG,Y,,,,,,,,,,,,
SM,C107 F412 SM1,00:49:35.0,CHW,SO,CHW,CG,,,,,,,,,,,,
SM,C107 F412 SM1,00:49:36.0,PT,HUPO,Y,CHW,,,,,,,,,,,,
SM,C107 F412 SM1,00:49:37.0,CG,HUPO,CG,Y,,,,,,,,,,,,
SM,C107 F412 SM1,00:49:39.0,CHW,CQTBN,CHW,Y,,,,,,,,,,,,
SM,C107 F412 SM1,00:49:42.0,PT,CHT+,Y,CHW,,,,,,,,,,,,
SM,C107 F412 SM1,00:49:44.0,CHW,AFL,Y,Y,,,,,,,,,,,,
SM,C107 F412 SM1,00:49:44.1,CHW,OQTBN,Y,Y,,,,,,,,,,,,
SM,C107 F412 SM1,00:49:48.0,PT,LUP+,Y,CHW,,,,,,,,,,,,
SM,C107 F412 SM1,00:49:51.0,CHW,GINFO+,Y,Y,,,,,,,,,,,,
SM,C107 F412 SM1,00:49:53.0,PT,CHT-,Y,CHW,,,,,,,,,,,,
SM,C107 F412 SM1,00:49:56.0,CHW,CQECML+,Y,Y,,,,,,,,,,,,
SM,C107 F412 SM1,00:50:06.0,PT,CML+,Y,CHW,,,,,,,,,,,,
SM,C107 F412 SM1,00:50:07.0,CHW,OQEB,Y,Y,,,,,,,,,,,,
SM,C107 F412 SM1,00:50:13.0,PT,CHT-,Y,CHW,,,,,,,,,,,,
SM,C107 F412 SM1,00:50:15.0,CHW,CQEB,Y,Y,,,,,,,,,,,,
SM,C107 F412 SM1,00:50:16.0,PT,CHT-,Y,CHW,,,,,,,,,,,,
SM,C107 F412 SM1,00:50:22.0,CHW,CQEB,Y,Y,,,,,,,,,,,,
SM,C107 F412 SM1,00:50:25.0,PT,CHT-,Y,CHW,,,,,,,,,,,,
SM,C107 F412 SM1,00:50:27.0,PT,CHT+,Y,CHW,,,,,,,,,,,,
SM,C107 F412 SM1,00:50:29.0,CG,CHT+,CHW,Y,,,,,,,,,,,,
SM,C107 F412 SM1,00:50:31.0,PT,CHT-,Y,CG,,,,,,,,,,,,
SM,C107 F412 SM1,00:50:33.0,CG,CML+,CG,Y,,,,,,,,,,,,
SM,C107 F412 SM1,00:50:35.0,CHW,CQECHT+,CG,CG,,,,,,,,,,,,
SM,C107 F412 SM1,00:50:42.0,CG,CHT+,CG,CHW,,,,,,,,,,,,
SM,C107 F412 SM1,00:50:43.0,PT,HUPO,CG,Y,,,,,,,,,,,,
SM,C107 F412 SM1,00:50:46.0,CG,HUPO,CG,CHW,,,,,,,,,,,,
SM,C107 F412 SM1,00:50:48.0,CG,HUPO,Y,Y,,,,,,,,,,,,
SM,C107 F412 SM1,00:50:49.0,CHW,GINFO-,Y,CG,,,,,,,,,,,,
SM,C107 F412 SM1,00:50:49.1,CHW,CQECHT+,CG,CG,,,,,,,,,,,,
SM,C107 F412 SM1,00:50:50.0,CG,HUPW,CG,CHW,,,,,,,,,,,,
SM,C107 F412 SM1,00:50:52.0,CHW,HUPW,Y,B,,,,,,,,,,,,
SM,C107 F412 SM1,00:50:57.0,CG,HUPW,Y,Y,,,,,,,,,,,,
SM,C107 F412 SM1,00:51:16.0,PT,HUPW,Y,CG,,,,,,,,,,,,
SM,C107 F412 SM1,00:51:20.0,CG,LUP+,CG,Y,,,,,,,,,,,,
SM,C107 F412 SM1,00:51:21.0,CHW,CQTBN,Y,Y,,,,,,,,,,,,
SM,C107 F412 SM1,00:51:26.0,PT,HUPW,Y,CG,,,,,,,,,,,,
SM,C107 F412 SM1,00:51:27.0,CG,HUPW,Y,Y,,,,,,,,,,,,
SM,C107 F412 SM1,00:51:32.0,CHW,CQECML+,Y,Y,,,,,,,,,,,,
SM,C107 F412 SM1,00:51:38.0,CG,HUPW,Y,Y,,,,,,,,,,,,
SM,C107 F412 SM1,00:51:39.0,PT,HUPW,Y,CHW,,,,,,,,,,,,
SM,C107 F412 SM1,00:51:41.0,CHW,GINFO+,WE,B,,,,,,,,,,,,
SM,C107 F412 SM1,00:51:44.0,CG,HUPW,OUR,CHW,,,,,,,,,,,,
SM,C107 F412 SM1,00:51:45.0,PT,SO,CHW,CG,,,,,,,,,,,,
SM,C107 F412 SM1,00:51:51.0,CHW,HUPW,Y,CHW,,,,,,,,,,,,
SM,C107 F412 SM1,00:51:58.0,PT,GINFO+,Y,Y,,,,,,,,,,,,
SM,C107 F412 SM1,00:52:00.0,CHW,GINFO+,O,Y,,,,,,,,,,,,
SM,C107 F412 SM1,00:52:00.1,CHW,CQECML+,Y,Y,,,,,,,,,,,,
SM,C107 F412 SM1,00:52:04.0,PT,CML+,Y,CHW,,,,,,,,,,,,
SM,C107 F412 SM1,00:52:08.0,PT,CML+,Y,CHW,,,,,,,,,,,,
SM,C107 F412 SM1,00:52:11.0,CHW,GINFO+,Y,Y,,,,,,,,,,,,
SM,C107 F412 SM1,00:52:22.0,PT,LUP+,Y,CHW,,,,,,,,,,,,
SM,C107 F412 SM1,00:52:24.0,CG,CML+,CG,Y,,,,,,,,,,,,
SM,C107 F412 SM1,00:52:27.0,CHW,OQTBN,OUR,B,,,,,,,,,,,,
SM,C107 F412 SM1,00:52:27.1,CHW,CQECHT+,Y,Y,,,,,,,,,,,,
SM,C107 F412 SM1,00:52:34.0,PT,CHT+,Y,CHW,,,,,,,,,,,,
SM,C107 F412 SM1,00:52:36.0,CHW,CQECHT+,Y,Y,,,,,,,,,,,,
SM,C107 F412 SM1,00:52:48.0,PT,ADV-,CG,CG,,,,,,,,,,,,
SM,C107 F412 SM1,00:52:49.0,CHW,GINFO-,Y,Y,,,,,,,,,,,,
SM,C107 F412 SM1,00:52:49.1,CHW,GINFO+,Y,Y,,,,,,,,,,,,
SM,C107 F412 SM1,00:53:05.0,PT,LUP+,Y,CHW,,,,,,,,,,,,
SM,C107 F412 SM1,00:53:06.0,CG,HUPW,Y,Y,,,,,,,,,,,,
SM,C107 F412 SM1,00:53:07.0,CHW,SO,CHW,B,,,,,,,,,,,,
SM,C107 F412 SM1,00:53:08.0,CG,SUP,Y,Y,,,,,,,,,,,,
SM,C107 F412 SM1,00:53:09.0,CHW,SS,CHW,CG,,,,,,,,,,,,
SM,C107 F412 SM1,00:53:09.1,CHW,OQTBN,Y,Y,,,,,,,,,,,,
SM,C107 F412 SM1,00:53:21.0,CG,HUPW,CG,CHW,,,,,,,,,,,,
SM,C107 F412 SM1,00:53:22.0,PT,HUPW,Y,CHW,,,,,,,,,,,,
SM,C107 F412 SM1,00:53:23.0,CHW,GINFO+,CHW,Y,,,,,,,,,,,,
SM,C107 F412 SM1,00:53:24.0,PT,HUPW,Y,CHW,,,,,,,,,,,,
SM,C107 F412 SM1,00:53:25.0,CHW,GINFO+,CHW,Y,,,,,,,,,,,,
SM,C107 F412 SM1,00:53:25.1,CHW,OQTBN,Y,Y,,,,,,,,,,,,
SM,C107 F412 SM1,00:53:30.0,PT,HUPW,Y,CHW,,,,,,,,,,,,
SM,C107 F412 SM1,00:53:31.0,CHW,CQTBN,Y,Y,,,,,,,,,,,,
SM,C107 F412 SM1,00:53:32.0,PT,HUPW,Y,CHW,,,,,,,,,,,,
SM,C107 F412 SM1,00:53:33.0,CHW,CQTBN,Y,Y,,,,,,,,,,,,
SM,C107 F412 SM1,00:53:34.0,PT,LUP+,Y,CHW,,,,,,,,,,,,
SM,C107 F412 SM1,00:53:35.0,CHW,GINFO+,CHW,Y,,,,,,,,,,,,
SM,C107 F412 SM1,00:53:41.0,PT,HUPW,Y,CHW,,,,,,,,,,,,
SM,C107 F412 SM1,00:53:42.0,CHW,GINFO+,Y,Y,,,,,,,,,,,,
SM,C107 F412 SM1,00:53:54.0,CG,LUP+,CG,CHW,,,,,,,,,,,,
SM,C107 F412 SM1,00:53:56.0,PT,CHT+,Y,CHW,,,,,,,,,,,,
SM,C107 F412 SM1,00:53:57.0,CHW,GINFO+,Y,Y,,,,,,,,,,,,
SM,C107 F412 SM1,00:54:16.0,PT,HUPW,Y,CHW,,,,,,,,,,,,
SM,C107 F412 SM1,00:54:17.0,CHW,GINFO+,Y,Y,,,,,,,,,,,,
SM,C107 F412 SM1,00:54:17.1,CHW,OQEF,Y,Y,,,,,,,,,,,,
SM,C107 F412 SM1,00:54:29.0,PT,CHT+,Y,CHW,,,,,,,,,,,,
SM,C107 F412 SM1,00:54:30.0,CHW,CQECHT+,Y,Y,,,,,,,,,,,,
SM,C107 F412 SM1,00:54:30.1,CHW,OQEF,Y,Y,,,,,,,,,,,,
SM,C107 F412 SM1,00:54:32.0,CG,CHT+,CG,CHW,,,,,,,,,,,,
SM,C107 F412 SM1,00:54:33.0,CHW,GINFO+,WE,B,,,,,,,,,,,,
SM,C107 F412 SM1,00:54:42.0,CG,HUPW,CHW,CHW,,,,,,,,,,,,
SM,C107 F412 SM1,00:54:47.0,CHW,SCH,CHW,CG,,,,,,,,,,,,
SM,C107 F412 SM1,00:54:48.0,CG,HUPW,CHW,CHW,,,,,,,,,,,,
SM,C107 F412 SM1,00:54:49.0,CHW,SCH,CHW,CG,,,,,,,,,,,,
SM,C107 F412 SM1,00:54:50.0,CG,HUPW,CHW,CHW,,,,,,,,,,,,
SM,C107 F412 SM1,00:54:51.0,CHW,SCH,CHW,CG,,,,,,,,,,,,
SM,C107 F412 SM1,00:54:57.0,PT,HUPW,Y,CHW,,,,,,,,,,,,
SM,C107 F412 SM1,00:55:01.0,CHW,SCH,CHW,B,,,,,,,,,,,,
SM,C107 F412 SM1,00:55:07.0,CG,CHT-,CG,CHW,,,,,,,,,,,,
SM,C107 F412 SM1,00:55:11.0,PT,HUPW,Y,CG,,,,,,,,,,,,
SM,C107 F412 SM1,00:55:13.0,CHW,SO,CHW,CG,,,,,,,,,,,,
SM,C107 F412 SM1,00:55:14.0,CG,CML+,CG,CHW,,,,,,,,,,,,
SM,C107 F412 SM1,00:55:15.0,CHW,SS,WE,CG,,,,,,,,,,,,
SM,C107 F412 SM1,00:55:18.0,CG,CML+,CG,CHW,,,,,,,,,,,,
SM,C107 F412 SM1,00:55:20.0,CHW,SO,CHW,CG,,,,,,,,,,,,
SM,C107 F412 SM1,00:55:25.0,CHW,SS,WE,CG,,,,,,,,,,,,
SM,C107 F412 SM1,00:55:36.0,CG,CHT+,CG,CHW,,,,,,,,,,,,
SM,C107 F412 SM1,00:55:39.0,PT,HUPW,CG,CG,,,,,,,,,,,,
SM,C107 F412 SM1,00:55:40.0,CG,HUPW,CG,Y,,,,,,,,,,,,
SM,C107 F412 SM1,00:55:41.0,PT,HUPW,CG,CG,,,,,,,,,,,,
SM,C107 F412 SM1,00:55:42.0,CG,HUPW,O,Y,,,,,,,,,,,,
SM,C107 F412 SM1,00:55:52.0,CHW,GINFO+,CHW,B,,,,,,,,,,,,
SM,C107 F412 SM1,00:55:58.0,CG,HUPW,CG,CHW,,,,,,,,,,,,
SM,C107 F412 SM1,00:56:04.0,CHW,SS,WE,B,,,,,,,,,,,,
SM,C107 F412 SM1,00:56:04.1,CHW,SUM,Y,Y,,,,,,,,,,,,
SM,C107 F412 SM1,00:56:19.0,PT,LUP+,Y,CHW,,,,,,,,,,,,
SM,C107 F412 SM1,00:56:20.0,CHW,OQEF,Y,Y,,,,,,,,,,,,
SM,C107 F412 SM1,00:56:24.0,CG,HUPW,Y,CHW,,,,,,,,,,,,
SM,C107 F412 SM1,00:56:30.0,PT,HUPO,Y,CG,,,,,,,,,,,,
SM,C107 F412 SM1,00:56:31.0,CG,HUPO,CG,Y,,,,,,,,,,,,
SM,C107 F412 SM1,00:56:32.0,PT,HUPW,Y,CG,,,,,,,,,,,,
SM,C107 F412 SM1,00:56:34.0,CHW,GINFO+,Y,Y,,,,,,,,,,,,
SM,C107 F412 SM1,00:56:34.1,CHW,AF,CG,CG,,,,,,,,,,,,
SM,C107 F412 SM1,00:56:44.0,CG,HUPW,Y,Y,,,,,,,,,,,,
SM,C107 F412 SM1,00:56:47.0,PT,HUPW,Y,CG,,,,,,,,,,,,
SM,C107 F412 SM1,00:56:48.0,CG,HUPW,CHW,Y,,,,,,,,,,,,
SM,C107 F412 SM1,00:56:51.0,CHW,SS,CHW,B,,,,,,,,,,,,
SM,C107 F412 SM1,00:56:52.0,CG,LUP+,CG,CHW,,,,,,,,,,,,
SM,C107 F412 SM1,00:56:53.0,CHW,CQO,CHW,CG,,,,,,,,,,,,
SM,C107 F412 SM1,00:56:54.0,CG,ADV-,Y,Y,,,,,,,,,,,,
SM,C107 F412 SM1,00:56:57.0,CHW,SS,WE,B,,,,,,,,,,,,
SM,C107 F412 SM1,00:56:58.0,CG,HUPW,CHW,CHW,,,,,,,,,,,,
SM,C107 F412 SM1,00:57:02.0,CHW,GINFO+,CHW,CG,,,,,,,,,,,,
SM,C107 F412 SM1,00:57:05.0,CHW,GINFO+,CHW,CG,,,,,,,,,,,,
SM,C107 F412 SM1,00:57:06.0,CG,HUPW,Y,CHW,,,,,,,,,,,,
SM,C107 F412 SM1,00:57:07.0,CHW,GINFO-,Y,Y,,,,,,,,,,,,
SM,C107 F412 SM1,00:57:10.0,CG,ADV-,Y,Y,,,,,,,,,,,,
SM,C107 F412 SM1,00:57:13.0,CG,HUPW,Y,Y,,,,,,,,,,,,
SM,C107 F412 SM1,00:57:24.0,PT,CML+,Y,CG,,,,,,,,,,,,
SM,C107 F412 SM1,00:57:26.0,CHW,GINFO-,CG,CG,,,,,,,,,,,,
SM,C107 F412 SM1,00:57:41.0,CG,CML+,CG,CHW,,,,,,,,,,,,
SM,C107 F412 SM1,00:57:43.0,CHW,SO,CHW,B,,,,,,,,,,,,
SM,C107 F412 SM1,00:57:44.0,PT,LUP+,CG,CG,,,,,,,,,,,,
SM,C107 F412 SM1,00:57:46.0,CG,CML+,CG,Y,,,,,,,,,,,,
SM,C107 F412 SM1,00:57:49.0,CHW,GINFO+,CG,CG,,,,,,,,,,,,
SM,C107 F412 SM1,00:58:42.0,CG,CHT+,CG,CHW,,,,,,,,,,,,
SM,C107 F412 SM1,00:58:44.0,CHW,CQO,CG,CG,,,,,,,,,,,,
SM,C107 F412 SM1,00:58:46.0,CG,CHT+,Y,CHW,,,,,,,,,,,,
SM,C107 F412 SM1,00:58:51.0,PT,CHT-,Y,CG,,,,,,,,,,,,
SM,C107 F412 SM1,00:58:54.0,CG,ADV-,Y,Y,,,,,,,,,,,,
SM,C107 F412 SM1,00:58:57.0,PT,CHT+,Y,CG,,,,,,,,,,,,
SM,C107 F412 SM1,00:58:58.0,CG,ADV-,Y,Y,,,,,,,,,,,,
SM,C107 F412 SM1,00:59:02.0,CHW,GINFO-,Y,CG,,,,,,,,,,,,
SM,C107 F412 SM1,00:59:06.0,PT,CHT+,Y,CHW,,,,,,,,,,,,
SM,C107 F412 SM1,00:59:09.0,CG,HUPW,CG,Y,,,,,,,,,,,,
SM,C107 F412 SM1,00:59:10.0,PT,CML+,Y,CG,,,,,,,,,,,,
SM,C107 F412 SM1,00:59:11.0,CG,HUPW,CG,Y,,,,,,,,,,,,
SM,C107 F412 SM1,00:59:18.0,PT,HUPW,Y,CG,,,,,,,,,,,,
SM,C107 F412 SM1,00:59:20.0,CG,HUPW,Y,Y,,,,,,,,,,,,
SM,C107 F412 SM1,00:59:21.0,CHW,CQO,Y,Y,,,,,,,,,,,,
SM,C107 F412 SM1,00:59:22.0,PT,HUPW,Y,CHW,,,,,,,,,,,,
SM,C107 F412 SM1,00:59:23.0,CG,HUPW,Y,Y,,,,,,,,,,,,
SM,C107 F412 SM1,00:59:27.0,PT,LUP+,Y,CG,,,,,,,,,,,,
SM,C107 F412 SM1,00:59:29.0,CHW,GINFO+,Y,Y,,,,,,,,,,,,
SM,C107 F412 SM1,00:59:34.0,CG,HUPW,Y,Y,,,,,,,,,,,,
SM,C107 F412 SM1,00:59:36.0,CHW,ADV+,Y,Y,,,,,,,,,,,,
SM,C107 F412 SM1,00:59:38.0,CG,ADV-,Y,Y,,,,,,,,,,,,
SM,C107 F412 SM1,00:59:39.0,PT,CHT+,Y,CG,,,,,,,,,,,,
SM,C107 F412 SM1,00:59:42.0,CHW,ADV+,Y,Y,,,,,,,,,,,,
SM,C107 F412 SM1,00:59:46.0,PT,LUP+,Y,CHW,,,,,,,,,,,,
SM,C107 F412 SM1,00:59:49.0,CHW,OQTBN,OUR,B,,,,,,,,,,,,
SM,C107 F412 SM1,00:59:53.0,CG,HUPW,OUR,CHW,,,,,,,,,,,,
SM,C107 F412 SM1,00:59:54.0,PT,HUPW,Y,CHW,,,,,,,,,,,,
SM,C107 F412 SM1,00:59:56.0,CHW,SO,CHW,B,,,,,,,,,,,,
SM,C107 F412 SM1,00:59:57.0,CG,HUPW,CG,CHW,,,,,,,,,,,,
SM,C107 F412 SM1,00:59:58.0,CHW,GINFO+,WE,CG,,,,,,,,,,,,
SM,C107 F412 SM1,00:59:59.0,CG,HUPW,CG,CHW,,,,,,,,,,,,
SM,C107 F412 SM1,01:00:01.0,CHW,GINFO+,WE,CG,,,,,,,,,,,,
SM,C107 F412 SM1,01:00:04.0,CG,HUPW,CG,CHW,,,,,,,,,,,,
SM,C107 F412 SM1,01:00:06.0,CHW,GINFO+,WE,CG,,,,,,,,,,,,
SM,C107 F412 SM1,01:00:10.0,CG,HUPW,Y,CHW,,,,,,,,,,,,
SM,C107 F412 SM1,01:00:13.0,CHW,GINFO+,Y,CG,,,,,,,,,,,,
SM,C107 F412 SM1,01:00:19.0,CG,HUPW,Y,CHW,,,,,,,,,,,,
SM,C107 F412 SM1,01:00:21.0,CHW,GINFO+,WE,CG,,,,,,,,,,,,
SM,C107 F412 SM1,01:00:22.0,PT,HUPW,WE,CG,,,,,,,,,,,,
SM,C107 F412 SM1,01:00:24.0,CG,HUPW,Y,CHW,,,,,,,,,,,,
SM,C107 F412 SM1,01:00:24.0,PT,LUP+,CG,CG,,,,,,,,,,,,
SM,C107 F412 SM1,01:00:24.0,CHW,CQO,Y,Y,,,,,,,,,,,,
SM,C107 F412 SM1,01:00:24.0,PT,HUPO,Y,CHW,,,,,,,,,,,,
SM,C107 F412 SM1,01:00:34.0,CHW,ROS,Y,Y,,,,,,,,,,,,
SM,C107 F412 SM1,01:00:35.0,CG,HUPO,CG,CHW,,,,,,,,,,,,
SM,C107 F412 SM1,01:00:36.0,CHW,GINFO+,Y,CG,,,,,,,,,,,,
SM,C107 F412 SM1,01:00:42.0,PT,HUPO,FAM,CHW,,,,,,,,,,,,
SM,C107 F412 SM1,01:00:43.0,CHW,GINFO+,WE,B,,,,,,,,,,,,
SM,C107 F412 SM1,01:00:43.1,CHW,CQECHT+,OUR,B,,,,,,,,,,,,
SM,C107 F412 SM1,01:00:45.0,PT,LUP+,Y,CG,,,,,,,,,,,,
SM,C107 F412 SM1,01:01:25.0,PT,HUPW,O,CHW,,,,,,,,,,,,
SM,C107 F412 SM1,01:01:28.0,CHW,GINFO+,O,B,,,,,,,,,,,,
SM,C107 F412 SM1,01:01:44.0,CG,HUPW,CHW,CHW,,,,,,,,,,,,
SM,C107 F412 SM1,01:01:46.0,CHW,GINFO+,CHW,CG,,,,,,,,,,,,
SM,C107 F412 SM1,01:01:50.0,CG,HUPW,Y,CHW,,,,,,,,,,,,
SM,C107 F412 SM1,01:01:56.0,CHW,GINFO+,WE,CG,,,,,,,,,,,,
SM,C107 F412 SM1,01:01:56.1,CHW,ADV+,CG,CG,,,,,,,,,,,,
SM,C107 F412 SM1,01:01:56.2,CHW,GINFO+,CHW,CG,,,,,,,,,,,,
SM,C107 F412 SM1,01:01:56.3,CHW,CQTBN,Y,Y,,,,,,,,,,,,
SM,C107 F412 SM1,01:02:32.0,PT,HUPW,O,CHW,,,,,,,,,,,,
SM,C107 F412 SM1,01:02:33.0,CHW,GINFO+,Y,Y,,,,,,,,,,,,
SM,C107 F412 SM1,01:02:43.0,CG,HUPW,CG,CHW,,,,,,,,,,,,
SM,C107 F412 SM1,01:02:47.0,PT,LUP+,Y,CHW,,,,,,,,,,,,
SM,C107 F412 SM1,01:02:48.0,CG,HUPW,CG,Y,,,,,,,,,,,,
SM,C107 F412 SM1,01:02:49.0,PT,HUPW,O,CG,,,,,,,,,,,,
SM,C107 F412 SM1,01:02:50.0,CG,HUPW,CG,Y,,,,,,,,,,,,
SM,C107 F412 SM1,01:02:53.0,PT,HUPW,O,CG,,,,,,,,,,,,
SM,C107 F412 SM1,01:02:55.0,CHW,SO,CHW,B,,,,,,,,,,,,
SM,C107 F412 SM1,01:03:00.0,CG,HUPW,O,Y,,,,,,,,,,,,
SM,C107 F412 SM1,01:03:04.0,CHW,GINFO+,O,CG,,,,,,,,,,,,
SM,C107 F412 SM1,01:03:08.0,CG,HUPW,CG,CHW,,,,,,,,,,,,
SM,C107 F412 SM1,01:03:21.0,CHW,SD,CHW,B,,,,,,,,,,,,
SM,C107 F412 SM1,01:03:39.0,PT,HUPW,O,CHW,,,,,,,,,,,,
SM,C107 F412 SM1,01:03:41.0,CG,LUP+,CG,Y,,,,,,,,,,,,
SM,C107 F412 SM1,01:03:42.0,PT,LUP+,Y,CG,,,,,,,,,,,,
SM,C107 F412 SM1,01:03:43.0,CG,HUPW,O,Y,,,,,,,,,,,,
SM,C107 F412 SM1,01:03:44.0,CHW,SO,CHW,B,,,,,,,,,,,,
SM,C107 F412 SM1,01:03:45.0,CG,HUPW,O,B,,,,,,,,,,,,
SM,C107 F412 SM1,01:03:46.0,CHW,SO,CHW,CG,,,,,,,,,,,,
SM,C107 F412 SM1,01:03:48.0,PT,HUPW,O,B,,,,,,,,,,,,
SM,C107 F412 SM1,01:03:48.0,CHW,GINFO+,O,B,,,,,,,,,,,,
SM,C107 F412 SM1,01:03:50.0,CG,HUPW,CG,CHW,,,,,,,,,,,,
SM,C107 F412 SM1,01:03:55.0,CHW,GINFO+,O,CG,,,,,,,,,,,,
SM,C107 F412 SM1,01:04:00.0,CG,HUPW,CG,CHW,,,,,,,,,,,,
SM,C107 F412 SM1,01:04:04.0,CHW,GINFO+,CHW,CG,,,,,,,,,,,,
SM,C107 F412 SM1,01:04:05.0,CG,HUPW,CG,CHW,,,,,,,,,,,,
SM,C107 F412 SM1,01:04:12.0,CHW,GINFO+,O,CG,,,,,,,,,,,,
SM,C107 F412 SM1,01:04:26.0,CG,LUP+,CG,CHW,,,,,,,,,,,,
SM,C107 F412 SM1,01:04:29.0,CHW,GINFO+,O,CG,,,,,,,,,,,,
SM,C107 F412 SM1,01:04:31.0,CHW,SD,CHW,CG,,,,,,,,,,,,
SM,C107 F412 SM1,01:04:33.0,CG,ADV-,Y,Y,,,,,,,,,,,,
SM,C107 F412 SM1,01:04:35.0,CHW,SO,CHW,B,,,,,,,,,,,,
SM,C107 F412 SM1,01:04:47.0,CG,HUPW,CG,B,,,,,,,,,,,,
SM,C107 F412 SM1,01:04:54.0,PT,HUPW,CG,CG,,,,,,,,,,,,
SM,C107 F412 SM1,01:04:55.0,CG,LUP+,CG,CHW,,,,,,,,,,,,
SM,C107 F412 SM1,01:04:57.0,CHW,GINFO-,CHW,B,,,,,,,,,,,,
SM,C107 F412 SM1,01:05:13.0,CG,HUPW,O,CHW,,,,,,,,,,,,
SM,C107 F412 SM1,01:05:15.0,CHW,GINFO-,O,B,,,,,,,,,,,,
SM,C107 F412 SM1,01:05:17.0,CG,HUPW,CG,CHW,,,,,,,,,,,,
SM,C107 F412 SM1,01:05:19.0,CHW,GINFO-,O,CG,,,,,,,,,,,,
SM,C107 F412 SM1,01:05:25.0,PT,HUPW,Y,CHW,,,,,,,,,,,,
SM,C107 F412 SM1,01:05:26.0,CHW,GINFO-,O,B,,,,,,,,,,,,
SM,C107 F412 SM1,01:05:26.1,CHW,SS,CHW,B,,,,,,,,,,,,
SM,C107 F412 SM1,01:05:37.0,CG,LUP+,CG,CHW,,,,,,,,,,,,
SM,C107 F412 SM1,01:05:38.0,CHW,SS,CHW,B,,,,,,,,,,,,
SM,C107 F412 SM1,01:05:50.0,CG,LUP+,CG,CHW,,,,,,,,,,,,
SM,C107 F412 SM1,01:05:51.0,CHW,AFL,CHW,B,,,,,,,,,,,,
SM,C107 F412 SM1,01:05:56.0,CG,LUP+,CG,CHW,,,,,,,,,,,,
SM,C107 F412 SM1,01:05:57.0,CHW,AFL,CHW,B,,,,,,,,,,,,
